,EAN,product_name,brand,category,subcategory,purchasable,promotion_type,promo_description,best_quantity,price_per_unit,discounted_price,initial_price,difference,Start_Date,End_Date
0,0000041007563,Chocolat de Pâques lapin NESTLE,NESTLE,Epicerie Sucrée,Chocolats de pâques,True,Le 2ème à -50%,soit 2 à 4.18€ au lieu de 5.58€,2,32.82 € / Kilogramme,4.18,5.58,1.4000000000000004,2020-04-07T00:00:00+0200,2020-07-05T23:59:00+0200
1,0000080135517,Chocolat de Pâques au lait lapin KINDER,KINDER,Epicerie Sucrée,Chocolats de pâques,True,Le 2ème à -50%,soit 2 à 3.73€ au lieu de 4.98€,2,22.64 € / Kilogramme,3.73,4.98,1.2500000000000004,2020-04-07T00:00:00+0200,2020-07-05T23:59:00+0200
2,0000059945741,Chocolat de Pâques Œufs NESTLE,NESTLE,Epicerie Sucrée,Chocolats de pâques,True,Le 2ème à -50%,soit 2 à 2.23€ au lieu de 2.98€,2,29.80 € / Kilogramme,2.23,2.98,0.75,2020-04-07T00:00:00+0200,2020-07-05T23:59:00+0200
3,3292070008551,Houmous bio  BLINI,ATELIER DE BLINI,Bio et Ecologie,Frais et surgelés,True,Prenez en 3 = Payez en 2,soit 3 à 6.98€ au lieu de 10.47€,3,21.81 € / Kilogramme,6.98,10.47,3.49,2020-04-03T00:00:00+0200,2020-04-13T23:59:00+0200
4,3292070009275,Blinis bio x8 ATELIER BLINI,ATELIER DE BLINI,Bio et Ecologie,Frais et surgelés,True,Prenez en 3 = Payez en 2,soit 3 à 5.00€ au lieu de 7.50€,3,15.62 € / Kilogramme,5.0,7.5,2.5,2020-04-03T00:00:00+0200,2020-04-13T23:59:00+0200
5,3292070008759,Blinis bio sarrasin et blé tendre ATELIER BLINI,ATELIER DE BLINI,Bio et Ecologie,Frais et surgelés,True,Prenez en 3 = Payez en 2,soit 3 à 3.56€ au lieu de 5.34€,3,13.19 € / Kilogramme,3.56,5.34,1.7799999999999998,2020-04-03T00:00:00+0200,2020-04-13T23:59:00+0200
6,3033610062707,Saumon fumé bio  LABEYRIE,LABEYRIE,Bio et Ecologie,Frais et surgelés,True,Le 2ème à -60%,soit 2 à 6.18€ au lieu de 8.84€,2,68.00 € / Kilogramme,6.18,8.84,2.66,2020-04-03T00:00:00+0200,2020-04-13T23:59:00+0200
7,3321433007525,Terrine saumon poireaux bio KRITSEN,KRITSEN,Bio et Ecologie,Frais et surgelés,True,PROMO : 34%,soit 1 à 1.71€ au lieu de 2.60€,1,13.68 € / Kilogramme,1.71,2.6,0.8900000000000001,2020-04-03T00:00:00+0200,2020-04-13T23:59:00+0200
8,3038680807821,Saumon fumé bio  DELPIERRE,DELPIERRE,Bio et Ecologie,Frais et surgelés,True,PROMO : 30%,soit 1 à 3.43€ au lieu de 4.90€,1,31.18 € / Kilogramme,3.43,4.9,1.4700000000000002,2020-04-03T00:00:00+0200,2020-04-13T23:59:00+0200
9,3033610079729,Saumon fumé Atlantique Bio LABEYRIE,LABEYRIE,Bio et Ecologie,Frais et surgelés,True,PROMO : 30%,soit 1 à 9.48€ au lieu de 13.55€,1,34.47 € / Kilogramme,9.48,13.55,4.07,2020-04-03T00:00:00+0200,2020-04-13T23:59:00+0200
10,3067163633664,Saumon fumé Atlantique BIO DELPEYRAT,DELPEYRAT,Bio et Ecologie,Frais et surgelés,True,PROMO : 34%,soit 1 à 9.99€ au lieu de 15.15€,1,35.68 € / Kilogramme,9.99,15.15,5.16,2020-04-03T00:00:00+0200,2020-04-13T23:59:00+0200
11,3033610062714,Saumon fumé bio  LABEYRIE,LABEYRIE,Bio et Ecologie,Frais et surgelés,True,Le 2ème à -60%,soit 2 à 9.98€ au lieu de 14.26€,2,59.42 € / Kilogramme,9.98,14.26,4.279999999999999,2020-04-03T00:00:00+0200,2020-04-13T23:59:00+0200
12,3173284319407,Chocolat de Pâques noir poisson Bio CEMOI,CEMOI,Bio et Ecologie,Epicerie sucrée,True,PROMO : 25%,soit 1 à 3.74€ au lieu de 4.99€,1,37.40 € / Kilogramme,3.74,4.99,1.25,2020-03-31T00:00:00+0200,2020-04-13T23:59:00+0200
13,3000000041376,Patate douce  ,,Fruits et Légumes,Légumes,True,Vu en catalogue,soit 1 à 1.99€ au lieu de 1.99€,1,1.99 € / Kilogramme,1.99,1.99,0.0,2020-04-03T00:00:00+0200,2020-04-12T23:59:00+0200
14,3276555320314,Pommes de terre ratte du touquet REFLETS DE FRANCE,REFLETS DE FRANCE,Fruits et Légumes,Légumes,True,"2 achetés = 0,58€ de remise",soit 2 à 4.00€ au lieu de 4.58€,2,2.29 € / Kilogramme,4.0,4.58,0.5800000000000001,2020-04-03T00:00:00+0200,2020-04-11T23:59:00+0200
15,3276558743646,Pommes de terre Pompadour Label Rouge Pompadour ,,Fruits et Légumes,Légumes,True,"2 achetés = 0,58€ de remise",soit 2 à 4.00€ au lieu de 4.58€,2,2.29 € / Kilogramme,4.0,4.58,0.5800000000000001,2020-04-03T00:00:00+0200,2020-04-11T23:59:00+0200
16,3276550279754,Asperges blanches/violettes REFLETS DE FRANCE,REFLETS DE FRANCE,Fruits et Légumes,Légumes,True,Vu en catalogue,soit 1 à 3.99€ au lieu de 3.99€,1,7.98 € / Kilogramme,3.99,3.99,0.0,2020-04-03T00:00:00+0200,2020-04-12T23:59:00+0200
17,3276550206828,"Pommes de terre de consommation blanches, Ratte du Touquet REFLETS DE FRANCE",REFLETS DE FRANCE,Fruits et Légumes,Légumes,True,Vu en catalogue,soit 1 à 2.29€ au lieu de 2.29€,1,2.29 € / Kilogramme,2.29,2.29,0.0,2020-04-03T00:00:00+0200,2020-04-12T23:59:00+0200
18,3276554568076,Fraise Gariguette ,,Fruits et Légumes,Fruits,True,Vu en catalogue,soit 1 à 1.99€ au lieu de 1.99€,1,7.96 € / Kilogramme,1.99,1.99,0.0,2020-04-03T00:00:00+0200,2020-04-12T23:59:00+0200
19,3276555494497,Asperges blanches REFLETS DE FRANCE,REFLETS DE FRANCE,Fruits et Légumes,Légumes,True,Vu en catalogue,soit 1 à 3.99€ au lieu de 3.99€,1,7.98 € / Kilogramme,3.99,3.99,0.0,2020-04-03T00:00:00+0200,2020-04-12T23:59:00+0200
20,3292070005185,Blinis sarrasin/blé tendre BLINI,ATELIER DE BLINI,Viandes et Poissons,Poissonnerie,True,Prenez en 3 = Payez en 2,soit 3 à 3.60€ au lieu de 5.40€,3,13.33 € / Kilogramme,3.6,5.4,1.8000000000000003,2020-04-03T00:00:00+0200,2020-04-13T23:59:00+0200
21,3033610071136,Saumon fumé de Norvège LABEYRIE,LABEYRIE,Viandes et Poissons,Poissonnerie,True,Le 2ème à -60%,soit 2 à 8.82€ au lieu de 12.60€,2,45.00 € / Kilogramme,8.82,12.6,3.7799999999999994,2020-04-03T00:00:00+0200,2020-04-13T23:59:00+0200
22,3033610071303,Saumon fumé Le Norvège LABEYRIE,LABEYRIE,Viandes et Poissons,Poissonnerie,True,Le 2ème à -60%,soit 2 à 5.16€ au lieu de 7.38€,2,49.20 € / Kilogramme,5.16,7.38,2.2199999999999998,2020-04-03T00:00:00+0200,2020-04-13T23:59:00+0200
23,3033610083757,Saumon fumé Ecosse LABEYRIE,LABEYRIE,Viandes et Poissons,Poissonnerie,True,Le 2ème à -60%,soit 2 à 13.21€ au lieu de 18.88€,2,47.20 € / Kilogramme,13.21,18.88,5.669999999999998,2020-04-03T00:00:00+0200,2020-04-13T23:59:00+0200
24,3266980053062,Pavés de biche marinés à la truffe SAVEURS FORESTIERES,SAVEURS FORESTIERES,Viandes et Poissons,Boucherie,True,A saisir !,soit 1 à 7.95€ au lieu de 7.95€,1,31.80 € / Kilogramme,7.95,7.95,0.0,2020-04-03T00:00:00+0200,2020-04-14T23:59:00+0200
25,3276559959671,Gigot d'agneau entier ,,Viandes et Poissons,Boucherie,True,Vu en catalogue,soit 1 à 20.48€ au lieu de 20.48€,1,9.31 € / Kilogramme,20.48,20.48,0.0,2020-04-03T00:00:00+0200,2020-04-14T23:59:00+0200
26,3033610076001,Saumon fumé Le Norvège LABEYRIE,LABEYRIE,Viandes et Poissons,Poissonnerie,True,Le 2ème à -60%,soit 2 à 12.37€ au lieu de 17.68€,2,41.12 € / Kilogramme,12.37,17.68,5.3100000000000005,2020-04-03T00:00:00+0200,2020-04-13T23:59:00+0200
27,3033610062516,Saumon fumé sauvage du Pacifique LABEYRIE,LABEYRIE,Viandes et Poissons,Poissonnerie,True,Le 2ème à -60%,soit 2 à 9.28€ au lieu de 13.26€,2,55.25 € / Kilogramme,9.28,13.26,3.9800000000000004,2020-04-03T00:00:00+0200,2020-04-13T23:59:00+0200
28,3033610075004,Saumon fumé sauvage d'Alaska LABEYRIE,LABEYRIE,Viandes et Poissons,Poissonnerie,True,Le 2ème à -60%,soit 2 à 9.71€ au lieu de 13.88€,2,57.83 € / Kilogramme,9.71,13.88,4.17,2020-04-03T00:00:00+0200,2020-04-13T23:59:00+0200
29,3033610080831,Saumon fumé Highlands d'Ecosse LABEYRIE,LABEYRIE,Viandes et Poissons,Poissonnerie,True,Le 2ème à -60%,soit 2 à 10.48€ au lieu de 14.98€,2,62.42 € / Kilogramme,10.48,14.98,4.5,2020-04-03T00:00:00+0200,2020-04-13T23:59:00+0200
30,3302745735023,Surimi bâtonnet moelleux FLEURY MICHON,FLEURY MICHON,Viandes et Poissons,Poissonnerie,True,PROMO : 34%,soit 1 à 2.54€ au lieu de 3.86€,1,4.77 € / Kilogramme,2.54,3.86,1.3199999999999998,2020-04-03T00:00:00+0200,2020-04-13T23:59:00+0200
31,3033610072010,Saumon fumé L'Ecosse LABEYRIE,LABEYRIE,Viandes et Poissons,Poissonnerie,True,Le 2ème à -60%,soit 2 à 5.83€ au lieu de 8.34€,2,55.60 € / Kilogramme,5.83,8.34,2.51,2020-04-03T00:00:00+0200,2020-04-13T23:59:00+0200
32,3033610076650,Saumon fumé Le Norvège LABEYRIE,LABEYRIE,Viandes et Poissons,Poissonnerie,True,PROMO : 30%,soit 1 à 6.97€ au lieu de 9.96€,1,24.03 € / Kilogramme,6.97,9.96,2.990000000000001,2020-04-03T00:00:00+0200,2020-04-13T23:59:00+0200
33,3033610056812,Saumon fumé Le Norvège réduit en sel LABEYRIE,LABEYRIE,Viandes et Poissons,Poissonnerie,True,Le 2ème à -60%,soit 2 à 9.78€ au lieu de 13.98€,2,53.77 € / Kilogramme,9.78,13.98,4.200000000000001,2020-04-03T00:00:00+0200,2020-04-13T23:59:00+0200
34,3321433004982,Terrine saumon St Jacques KRITSEN,KRITSEN,Viandes et Poissons,Poissonnerie,True,PROMO : 34%,soit 1 à 1.28€ au lieu de 1.95€,1,10.24 € / Kilogramme,1.28,1.95,0.6699999999999999,2020-04-03T00:00:00+0200,2020-04-13T23:59:00+0200
35,3302100012493,Darne de saumon Label rouge LES ENTREES DE LA MER,ENTREE DE LA MER,Viandes et Poissons,Poissonnerie,True,PROMO : 20%,soit 1 à 4.72€ au lieu de 5.90€,1,33.71 € / Kilogramme,4.72,5.9,1.1800000000000006,2020-04-03T00:00:00+0200,2020-04-13T23:59:00+0200
36,3321433005002,Terrine crabe homard KRITSEN,KRITSEN,Viandes et Poissons,Poissonnerie,True,PROMO : 34%,soit 1 à 1.28€ au lieu de 1.95€,1,10.24 € / Kilogramme,1.28,1.95,0.6699999999999999,2020-04-03T00:00:00+0200,2020-04-13T23:59:00+0200
37,3033610056829,Saumon fumé d'Ecosse LABEYRIE,LABEYRIE,Viandes et Poissons,Poissonnerie,True,Le 2ème à -60%,soit 2 à 9.98€ au lieu de 14.26€,2,54.85 € / Kilogramme,9.98,14.26,4.279999999999999,2020-04-03T00:00:00+0200,2020-04-13T23:59:00+0200
38,3033610056799,Saumon Fumé l'écosse -25% de sel x4 tranches LABEYRIE,LABEYRIE,Viandes et Poissons,Poissonnerie,True,Le 2ème à -60%,soit 2 à 10.01€ au lieu de 14.30€,2,59.58 € / Kilogramme,10.01,14.3,4.290000000000001,2020-04-03T00:00:00+0200,2020-04-13T23:59:00+0200
39,3033610079736,Saumon fumé sauvage du pacifique LABEYRIE,LABEYRIE,Viandes et Poissons,Poissonnerie,True,PROMO : 30%,soit 1 à 9.48€ au lieu de 13.55€,1,34.47 € / Kilogramme,9.48,13.55,4.07,2020-04-03T00:00:00+0200,2020-04-13T23:59:00+0200
40,3292070008858,Houmous au basilic ATELIER BLINI,ATELIER DE BLINI,Viandes et Poissons,Poissonnerie,True,Prenez en 3 = Payez en 2,soit 3 à 5.66€ au lieu de 8.49€,3,16.17 € / Kilogramme,5.66,8.49,2.83,2020-04-03T00:00:00+0200,2020-04-13T23:59:00+0200
41,3266980053086,Biche à la crème aux morilles LE GAULOIS,SAVEURS FORESTIERES,Viandes et Poissons,Boucherie,True,A saisir !,soit 1 à 7.95€ au lieu de 7.95€,1,31.80 € / Kilogramme,7.95,7.95,0.0,2020-04-03T00:00:00+0200,2020-04-14T23:59:00+0200
42,3266980021481,Foies de volaille confits LE GAULOIS,LE GAULOIS,Viandes et Poissons,Volaille et Rôtisserie,True,30% économisés,1.38€ sur la carte pour chaque produit acheté,1,7.67 € / Kilogramme,4.6,4.6,0.0,2020-04-03T00:00:00+0200,2020-04-13T23:59:00+0200
43,3700057809027,Magret de canard à foie gras DELMOND,DELMOND FOIE GRAS,Viandes et Poissons,Volaille et Rôtisserie,True,PROMO : 34%,soit 1 à 9.07€ au lieu de 13.75€,1,11.34 € / Kilogramme,9.07,13.75,4.68,2020-04-03T00:00:00+0200,2020-04-13T23:59:00+0200
44,3292070005178,Tarama  BLINI,ATELIER DE BLINI,Viandes et Poissons,Poissonnerie,True,Prenez en 3 = Payez en 2,soit 3 à 5.64€ au lieu de 8.46€,3,16.11 € / Kilogramme,5.64,8.46,2.820000000000001,2020-04-03T00:00:00+0200,2020-04-13T23:59:00+0200
45,3700057807962,Magret de canard au piment d'Espelette DELMOND,DELMOND FOIE GRAS,Viandes et Poissons,Volaille et Rôtisserie,True,PROMO : 34%,soit 1 à 9.07€ au lieu de 13.75€,1,11.34 € / Kilogramme,9.07,13.75,4.68,2020-04-03T00:00:00+0200,2020-04-13T23:59:00+0200
46,3033610076667,Saumon fumé L'Ecosse LABEYRIE,LABEYRIE,Viandes et Poissons,Poissonnerie,True,PROMO : 30%,soit 1 à 9.28€ au lieu de 13.27€,1,34.37 € / Kilogramme,9.28,13.27,3.99,2020-04-03T00:00:00+0200,2020-04-13T23:59:00+0200
47,3700057807979,Magret de canard à la provençale DELMOND,DELMOND FOIE GRAS,Viandes et Poissons,Volaille et Rôtisserie,True,PROMO : 34%,soit 1 à 9.07€ au lieu de 13.75€,1,11.34 € / Kilogramme,9.07,13.75,4.68,2020-04-03T00:00:00+0200,2020-04-13T23:59:00+0200
48,3292070006519,Tapenade extra olives et thym BLINI,ATELIER DE BLINI,Viandes et Poissons,Poissonnerie,True,Prenez en 3 = Payez en 2,soit 3 à 4.38€ au lieu de 6.57€,3,19.91 € / Kilogramme,4.38,6.57,2.1900000000000004,2020-04-03T00:00:00+0200,2020-04-13T23:59:00+0200
49,3276551798353,Homard cuit d'Europe BQ ,CARREFOUR,Viandes et Poissons,Poissonnerie,True,A saisir !,soit 1 à 20.00€ au lieu de 20.00€,1,20.00 € / Pièce,20.0,20.0,0.0,2020-04-03T00:00:00+0200,2020-04-14T23:59:00+0200
50,3276551778638,Crevettes cuites 40/60 ASC FQC ,FILIERE QUALITE CARF,Viandes et Poissons,Poissonnerie,True,Vu en catalogue,soit 1 à 7.20€ au lieu de 7.20€,1,24.00 € / Kilogramme,7.2,7.2,0.0,2020-04-03T00:00:00+0200,2020-04-14T23:59:00+0200
51,3276559873663,Homard cuit d'Europe BQ ,CARREFOUR,Viandes et Poissons,Poissonnerie,True,A saisir !,soit 1 à 20.00€ au lieu de 20.00€,1,20.00 € / Pièce,20.0,20.0,0.0,2020-04-03T00:00:00+0200,2020-04-14T23:59:00+0200
52,3276550577683,Petits fours assortiment ,,Pains et Pâtisseries,Mon pâtissier,True,Vu en catalogue,soit 1 à 6.90€ au lieu de 6.90€,1,6.90 € / Pièce,6.9,6.9,0.0,2020-04-03T00:00:00+0200,2020-04-14T23:59:00+0200
53,3276550576464,Nid de Pâques café 6/8 parts ,,Pains et Pâtisseries,Mon pâtissier,True,PROMO : 30%,soit 1 à 7.63€ au lieu de 10.90€,1,7.63 € / Pièce,7.63,10.9,3.2700000000000005,2020-04-11T00:00:00+0200,2020-04-14T23:59:00+0200
54,3276550576310,Gâteau nid de Pâques praliné ,,Pains et Pâtisseries,Mon pâtissier,True,PROMO : 30%,soit 1 à 7.63€ au lieu de 10.90€,1,7.63 € / Pièce,7.63,10.9,3.2700000000000005,2020-04-11T00:00:00+0200,2020-04-14T23:59:00+0200
55,3523680401174,Framboisier 8/10 ,CARREFOUR,Pains et Pâtisseries,Mon pâtissier,True,Vu en catalogue,soit 1 à 14.50€ au lieu de 14.50€,1,12.72 € / Kilogramme,14.5,14.5,0.0,2020-04-03T00:00:00+0200,2020-04-14T23:59:00+0200
56,3523680256125,Mini gâteaux assortiment Lunch ,CARREFOUR,Pains et Pâtisseries,Mon pâtissier,True,A saisir !,soit 1 à 11.90€ au lieu de 11.90€,1,22.88 € / Kilogramme,11.9,11.9,0.0,2020-04-03T00:00:00+0200,2020-04-14T23:59:00+0200
57,3276550576471,Nid de Pâques chocolat 6/8 parts ,,Pains et Pâtisseries,Mon pâtissier,True,PROMO : 30%,soit 1 à 7.63€ au lieu de 10.90€,1,7.63 € / Pièce,7.63,10.9,3.2700000000000005,2020-04-11T00:00:00+0200,2020-04-14T23:59:00+0200
58,3662517059413,Entremets œuf charlotte poire choco 6/8 p ,REFS.SANS MARQUE,Pains et Pâtisseries,Mon pâtissier,True,Vu en catalogue,soit 1 à 12.90€ au lieu de 12.90€,1,17.43 € / Kilogramme,12.9,12.9,0.0,2020-04-03T00:00:00+0200,2020-04-14T23:59:00+0200
59,3276552846879,Entremet œuf charlotte poire chocolat 6/8 p ,CARREFOUR,Pains et Pâtisseries,Mon pâtissier,True,Vu en catalogue,soit 1 à 12.90€ au lieu de 12.90€,1,12.90 € / Pièce,12.9,12.9,0.0,2020-04-03T00:00:00+0200,2020-04-14T23:59:00+0200
60,0000041007563,Chocolat de Pâques lapin NESTLE,NESTLE,Epicerie Sucrée,Chocolats de pâques,True,Le 2ème à -50%,soit 2 à 4.18€ au lieu de 5.58€,2,32.82 € / Kilogramme,4.18,5.58,1.4000000000000004,2020-04-07T00:00:00+0200,2020-07-05T23:59:00+0200
61,0000080135517,Chocolat de Pâques au lait lapin KINDER,KINDER,Epicerie Sucrée,Chocolats de pâques,True,Le 2ème à -50%,soit 2 à 3.73€ au lieu de 4.98€,2,22.64 € / Kilogramme,3.73,4.98,1.2500000000000004,2020-04-07T00:00:00+0200,2020-07-05T23:59:00+0200
62,0000059945741,Chocolat de Pâques Œufs NESTLE,NESTLE,Epicerie Sucrée,Chocolats de pâques,True,Le 2ème à -50%,soit 2 à 2.23€ au lieu de 2.98€,2,29.80 € / Kilogramme,2.23,2.98,0.75,2020-04-07T00:00:00+0200,2020-07-05T23:59:00+0200
63,3292070009275,Blinis bio x8 ATELIER BLINI,ATELIER DE BLINI,Bio et Ecologie,Frais et surgelés,True,Prenez en 3 = Payez en 2,soit 3 à 5.00€ au lieu de 7.50€,3,15.62 € / Kilogramme,5.0,7.5,2.5,2020-04-03T00:00:00+0200,2020-04-13T23:59:00+0200
64,3292070008551,Houmous bio  BLINI,ATELIER DE BLINI,Bio et Ecologie,Frais et surgelés,True,Prenez en 3 = Payez en 2,soit 3 à 6.98€ au lieu de 10.47€,3,21.81 € / Kilogramme,6.98,10.47,3.49,2020-04-03T00:00:00+0200,2020-04-13T23:59:00+0200
65,3033610062707,Saumon fumé bio  LABEYRIE,LABEYRIE,Bio et Ecologie,Frais et surgelés,True,Le 2ème à -60%,soit 2 à 6.18€ au lieu de 8.84€,2,68.00 € / Kilogramme,6.18,8.84,2.66,2020-04-03T00:00:00+0200,2020-04-13T23:59:00+0200
66,3292070008759,Blinis bio sarrasin et blé tendre ATELIER BLINI,ATELIER DE BLINI,Bio et Ecologie,Frais et surgelés,True,Prenez en 3 = Payez en 2,soit 3 à 3.56€ au lieu de 5.34€,3,13.19 € / Kilogramme,3.56,5.34,1.7799999999999998,2020-04-03T00:00:00+0200,2020-04-13T23:59:00+0200
67,3321433007525,Terrine saumon poireaux bio KRITSEN,KRITSEN,Bio et Ecologie,Frais et surgelés,True,PROMO : 34%,soit 1 à 1.71€ au lieu de 2.60€,1,13.68 € / Kilogramme,1.71,2.6,0.8900000000000001,2020-04-03T00:00:00+0200,2020-04-13T23:59:00+0200
68,3038680807821,Saumon fumé bio  DELPIERRE,DELPIERRE,Bio et Ecologie,Frais et surgelés,True,PROMO : 30%,soit 1 à 3.43€ au lieu de 4.90€,1,31.18 € / Kilogramme,3.43,4.9,1.4700000000000002,2020-04-03T00:00:00+0200,2020-04-13T23:59:00+0200
69,3033610079729,Saumon fumé Atlantique Bio LABEYRIE,LABEYRIE,Bio et Ecologie,Frais et surgelés,True,PROMO : 30%,soit 1 à 9.48€ au lieu de 13.55€,1,34.47 € / Kilogramme,9.48,13.55,4.07,2020-04-03T00:00:00+0200,2020-04-13T23:59:00+0200
70,3173284319407,Chocolat de Pâques noir poisson Bio CEMOI,CEMOI,Bio et Ecologie,Epicerie sucrée,True,PROMO : 25%,soit 1 à 3.74€ au lieu de 4.99€,1,37.40 € / Kilogramme,3.74,4.99,1.25,2020-03-31T00:00:00+0200,2020-04-13T23:59:00+0200
71,3033610062714,Saumon fumé bio  LABEYRIE,LABEYRIE,Bio et Ecologie,Frais et surgelés,True,Le 2ème à -60%,soit 2 à 9.98€ au lieu de 14.26€,2,59.42 € / Kilogramme,9.98,14.26,4.279999999999999,2020-04-03T00:00:00+0200,2020-04-13T23:59:00+0200
72,3067163633664,Saumon fumé Atlantique BIO DELPEYRAT,DELPEYRAT,Bio et Ecologie,Frais et surgelés,True,PROMO : 34%,soit 1 à 9.99€ au lieu de 15.15€,1,35.68 € / Kilogramme,9.99,15.15,5.16,2020-04-03T00:00:00+0200,2020-04-13T23:59:00+0200
73,3000000041376,Patate douce  ,,Fruits et Légumes,Légumes,True,Vu en catalogue,soit 1 à 1.99€ au lieu de 1.99€,1,1.99 € / Kilogramme,1.99,1.99,0.0,2020-04-03T00:00:00+0200,2020-04-12T23:59:00+0200
74,3276555320314,Pommes de terre ratte du touquet REFLETS DE FRANCE,REFLETS DE FRANCE,Fruits et Légumes,Légumes,True,"2 achetés = 0,58€ de remise",soit 2 à 4.00€ au lieu de 4.58€,2,2.29 € / Kilogramme,4.0,4.58,0.5800000000000001,2020-04-03T00:00:00+0200,2020-04-11T23:59:00+0200
75,3276558743646,Pommes de terre Pompadour Label Rouge Pompadour ,,Fruits et Légumes,Légumes,True,"2 achetés = 0,58€ de remise",soit 2 à 4.00€ au lieu de 4.58€,2,2.29 € / Kilogramme,4.0,4.58,0.5800000000000001,2020-04-03T00:00:00+0200,2020-04-11T23:59:00+0200
76,3276550279754,Asperges blanches/violettes REFLETS DE FRANCE,REFLETS DE FRANCE,Fruits et Légumes,Légumes,True,Vu en catalogue,soit 1 à 3.99€ au lieu de 3.99€,1,7.98 € / Kilogramme,3.99,3.99,0.0,2020-04-03T00:00:00+0200,2020-04-12T23:59:00+0200
77,3276550206828,"Pommes de terre de consommation blanches, Ratte du Touquet REFLETS DE FRANCE",REFLETS DE FRANCE,Fruits et Légumes,Légumes,True,Vu en catalogue,soit 1 à 2.29€ au lieu de 2.29€,1,2.29 € / Kilogramme,2.29,2.29,0.0,2020-04-03T00:00:00+0200,2020-04-12T23:59:00+0200
78,3276555494497,Asperges blanches REFLETS DE FRANCE,REFLETS DE FRANCE,Fruits et Légumes,Légumes,True,Vu en catalogue,soit 1 à 3.99€ au lieu de 3.99€,1,7.98 € / Kilogramme,3.99,3.99,0.0,2020-04-03T00:00:00+0200,2020-04-12T23:59:00+0200
79,3276554568076,Fraise Gariguette ,,Fruits et Légumes,Fruits,True,Vu en catalogue,soit 1 à 1.99€ au lieu de 1.99€,1,7.96 € / Kilogramme,1.99,1.99,0.0,2020-04-03T00:00:00+0200,2020-04-12T23:59:00+0200
80,3292070005185,Blinis sarrasin/blé tendre BLINI,ATELIER DE BLINI,Viandes et Poissons,Poissonnerie,True,Prenez en 3 = Payez en 2,soit 3 à 3.60€ au lieu de 5.40€,3,13.33 € / Kilogramme,3.6,5.4,1.8000000000000003,2020-04-03T00:00:00+0200,2020-04-13T23:59:00+0200
81,3033610071136,Saumon fumé de Norvège LABEYRIE,LABEYRIE,Viandes et Poissons,Poissonnerie,True,Le 2ème à -60%,soit 2 à 8.82€ au lieu de 12.60€,2,45.00 € / Kilogramme,8.82,12.6,3.7799999999999994,2020-04-03T00:00:00+0200,2020-04-13T23:59:00+0200
82,3033610071303,Saumon fumé Le Norvège LABEYRIE,LABEYRIE,Viandes et Poissons,Poissonnerie,True,Le 2ème à -60%,soit 2 à 5.16€ au lieu de 7.38€,2,49.20 € / Kilogramme,5.16,7.38,2.2199999999999998,2020-04-03T00:00:00+0200,2020-04-13T23:59:00+0200
83,3033610083757,Saumon fumé Ecosse LABEYRIE,LABEYRIE,Viandes et Poissons,Poissonnerie,True,Le 2ème à -60%,soit 2 à 13.21€ au lieu de 18.88€,2,47.20 € / Kilogramme,13.21,18.88,5.669999999999998,2020-04-03T00:00:00+0200,2020-04-13T23:59:00+0200
84,3266980053062,Pavés de biche marinés à la truffe SAVEURS FORESTIERES,SAVEURS FORESTIERES,Viandes et Poissons,Boucherie,True,A saisir !,soit 1 à 7.95€ au lieu de 7.95€,1,31.80 € / Kilogramme,7.95,7.95,0.0,2020-04-03T00:00:00+0200,2020-04-14T23:59:00+0200
85,3276559959671,Gigot d'agneau entier ,,Viandes et Poissons,Boucherie,True,Vu en catalogue,soit 1 à 20.48€ au lieu de 20.48€,1,9.31 € / Kilogramme,20.48,20.48,0.0,2020-04-03T00:00:00+0200,2020-04-14T23:59:00+0200
86,3033610076001,Saumon fumé Le Norvège LABEYRIE,LABEYRIE,Viandes et Poissons,Poissonnerie,True,Le 2ème à -60%,soit 2 à 12.37€ au lieu de 17.68€,2,41.12 € / Kilogramme,12.37,17.68,5.3100000000000005,2020-04-03T00:00:00+0200,2020-04-13T23:59:00+0200
87,3033610062516,Saumon fumé sauvage du Pacifique LABEYRIE,LABEYRIE,Viandes et Poissons,Poissonnerie,True,Le 2ème à -60%,soit 2 à 9.28€ au lieu de 13.26€,2,55.25 € / Kilogramme,9.28,13.26,3.9800000000000004,2020-04-03T00:00:00+0200,2020-04-13T23:59:00+0200
88,3033610075004,Saumon fumé sauvage d'Alaska LABEYRIE,LABEYRIE,Viandes et Poissons,Poissonnerie,True,Le 2ème à -60%,soit 2 à 9.71€ au lieu de 13.88€,2,57.83 € / Kilogramme,9.71,13.88,4.17,2020-04-03T00:00:00+0200,2020-04-13T23:59:00+0200
89,3033610080831,Saumon fumé Highlands d'Ecosse LABEYRIE,LABEYRIE,Viandes et Poissons,Poissonnerie,True,Le 2ème à -60%,soit 2 à 10.48€ au lieu de 14.98€,2,62.42 € / Kilogramme,10.48,14.98,4.5,2020-04-03T00:00:00+0200,2020-04-13T23:59:00+0200
90,3302745735023,Surimi bâtonnet moelleux FLEURY MICHON,FLEURY MICHON,Viandes et Poissons,Poissonnerie,True,PROMO : 34%,soit 1 à 2.54€ au lieu de 3.86€,1,4.77 € / Kilogramme,2.54,3.86,1.3199999999999998,2020-04-03T00:00:00+0200,2020-04-13T23:59:00+0200
91,3033610072010,Saumon fumé L'Ecosse LABEYRIE,LABEYRIE,Viandes et Poissons,Poissonnerie,True,Le 2ème à -60%,soit 2 à 5.83€ au lieu de 8.34€,2,55.60 € / Kilogramme,5.83,8.34,2.51,2020-04-03T00:00:00+0200,2020-04-13T23:59:00+0200
92,3033610076650,Saumon fumé Le Norvège LABEYRIE,LABEYRIE,Viandes et Poissons,Poissonnerie,True,PROMO : 30%,soit 1 à 6.97€ au lieu de 9.96€,1,24.03 € / Kilogramme,6.97,9.96,2.990000000000001,2020-04-03T00:00:00+0200,2020-04-13T23:59:00+0200
93,3321433005002,Terrine crabe homard KRITSEN,KRITSEN,Viandes et Poissons,Poissonnerie,True,PROMO : 34%,soit 1 à 1.28€ au lieu de 1.95€,1,10.24 € / Kilogramme,1.28,1.95,0.6699999999999999,2020-04-03T00:00:00+0200,2020-04-13T23:59:00+0200
94,3033610056812,Saumon fumé Le Norvège réduit en sel LABEYRIE,LABEYRIE,Viandes et Poissons,Poissonnerie,True,Le 2ème à -60%,soit 2 à 9.78€ au lieu de 13.98€,2,53.77 € / Kilogramme,9.78,13.98,4.200000000000001,2020-04-03T00:00:00+0200,2020-04-13T23:59:00+0200
95,3033610056829,Saumon fumé d'Ecosse LABEYRIE,LABEYRIE,Viandes et Poissons,Poissonnerie,True,Le 2ème à -60%,soit 2 à 9.98€ au lieu de 14.26€,2,54.85 € / Kilogramme,9.98,14.26,4.279999999999999,2020-04-03T00:00:00+0200,2020-04-13T23:59:00+0200
96,3033610056799,Saumon Fumé l'écosse -25% de sel x4 tranches LABEYRIE,LABEYRIE,Viandes et Poissons,Poissonnerie,True,Le 2ème à -60%,soit 2 à 10.01€ au lieu de 14.30€,2,59.58 € / Kilogramme,10.01,14.3,4.290000000000001,2020-04-03T00:00:00+0200,2020-04-13T23:59:00+0200
97,3033610079736,Saumon fumé sauvage du pacifique LABEYRIE,LABEYRIE,Viandes et Poissons,Poissonnerie,True,PROMO : 30%,soit 1 à 9.48€ au lieu de 13.55€,1,34.47 € / Kilogramme,9.48,13.55,4.07,2020-04-03T00:00:00+0200,2020-04-13T23:59:00+0200
98,3302100012493,Darne de saumon Label rouge LES ENTREES DE LA MER,ENTREE DE LA MER,Viandes et Poissons,Poissonnerie,True,PROMO : 20%,soit 1 à 4.72€ au lieu de 5.90€,1,33.71 € / Kilogramme,4.72,5.9,1.1800000000000006,2020-04-03T00:00:00+0200,2020-04-13T23:59:00+0200
99,3321433004982,Terrine saumon St Jacques KRITSEN,KRITSEN,Viandes et Poissons,Poissonnerie,True,PROMO : 34%,soit 1 à 1.28€ au lieu de 1.95€,1,10.24 € / Kilogramme,1.28,1.95,0.6699999999999999,2020-04-03T00:00:00+0200,2020-04-13T23:59:00+0200
100,3292070008858,Houmous au basilic ATELIER BLINI,ATELIER DE BLINI,Viandes et Poissons,Poissonnerie,True,Prenez en 3 = Payez en 2,soit 3 à 5.66€ au lieu de 8.49€,3,16.17 € / Kilogramme,5.66,8.49,2.83,2020-04-03T00:00:00+0200,2020-04-13T23:59:00+0200
101,3266980053086,Biche à la crème aux morilles LE GAULOIS,SAVEURS FORESTIERES,Viandes et Poissons,Boucherie,True,A saisir !,soit 1 à 7.95€ au lieu de 7.95€,1,31.80 € / Kilogramme,7.95,7.95,0.0,2020-04-03T00:00:00+0200,2020-04-14T23:59:00+0200
102,3266980021481,Foies de volaille confits LE GAULOIS,LE GAULOIS,Viandes et Poissons,Volaille et Rôtisserie,True,30% économisés,1.38€ sur la carte pour chaque produit acheté,1,7.67 € / Kilogramme,4.6,4.6,0.0,2020-04-03T00:00:00+0200,2020-04-13T23:59:00+0200
103,3292070005178,Tarama  BLINI,ATELIER DE BLINI,Viandes et Poissons,Poissonnerie,True,Prenez en 3 = Payez en 2,soit 3 à 5.64€ au lieu de 8.46€,3,16.11 € / Kilogramme,5.64,8.46,2.820000000000001,2020-04-03T00:00:00+0200,2020-04-13T23:59:00+0200
104,3700057809027,Magret de canard à foie gras DELMOND,DELMOND FOIE GRAS,Viandes et Poissons,Volaille et Rôtisserie,True,PROMO : 34%,soit 1 à 9.07€ au lieu de 13.75€,1,11.34 € / Kilogramme,9.07,13.75,4.68,2020-04-03T00:00:00+0200,2020-04-13T23:59:00+0200
105,3700057807979,Magret de canard à la provençale DELMOND,DELMOND FOIE GRAS,Viandes et Poissons,Volaille et Rôtisserie,True,PROMO : 34%,soit 1 à 9.07€ au lieu de 13.75€,1,11.34 € / Kilogramme,9.07,13.75,4.68,2020-04-03T00:00:00+0200,2020-04-13T23:59:00+0200
106,3292070006519,Tapenade extra olives et thym BLINI,ATELIER DE BLINI,Viandes et Poissons,Poissonnerie,True,Prenez en 3 = Payez en 2,soit 3 à 4.38€ au lieu de 6.57€,3,19.91 € / Kilogramme,4.38,6.57,2.1900000000000004,2020-04-03T00:00:00+0200,2020-04-13T23:59:00+0200
107,3033610076667,Saumon fumé L'Ecosse LABEYRIE,LABEYRIE,Viandes et Poissons,Poissonnerie,True,PROMO : 30%,soit 1 à 9.28€ au lieu de 13.27€,1,34.37 € / Kilogramme,9.28,13.27,3.99,2020-04-03T00:00:00+0200,2020-04-13T23:59:00+0200
108,3700057807962,Magret de canard au piment d'Espelette DELMOND,DELMOND FOIE GRAS,Viandes et Poissons,Volaille et Rôtisserie,True,PROMO : 34%,soit 1 à 9.07€ au lieu de 13.75€,1,11.34 € / Kilogramme,9.07,13.75,4.68,2020-04-03T00:00:00+0200,2020-04-13T23:59:00+0200
109,3276551798353,Homard cuit d'Europe BQ ,CARREFOUR,Viandes et Poissons,Poissonnerie,True,A saisir !,soit 1 à 20.00€ au lieu de 20.00€,1,20.00 € / Pièce,20.0,20.0,0.0,2020-04-03T00:00:00+0200,2020-04-14T23:59:00+0200
110,3276551778638,Crevettes cuites 40/60 ASC FQC ,FILIERE QUALITE CARF,Viandes et Poissons,Poissonnerie,True,Vu en catalogue,soit 1 à 7.20€ au lieu de 7.20€,1,24.00 € / Kilogramme,7.2,7.2,0.0,2020-04-03T00:00:00+0200,2020-04-14T23:59:00+0200
111,3276559873663,Homard cuit d'Europe BQ ,CARREFOUR,Viandes et Poissons,Poissonnerie,True,A saisir !,soit 1 à 20.00€ au lieu de 20.00€,1,20.00 € / Pièce,20.0,20.0,0.0,2020-04-03T00:00:00+0200,2020-04-14T23:59:00+0200
112,3276550577683,Petits fours assortiment ,,Pains et Pâtisseries,Mon pâtissier,True,Vu en catalogue,soit 1 à 6.90€ au lieu de 6.90€,1,6.90 € / Pièce,6.9,6.9,0.0,2020-04-03T00:00:00+0200,2020-04-14T23:59:00+0200
113,3276550576464,Nid de Pâques café 6/8 parts ,,Pains et Pâtisseries,Mon pâtissier,True,PROMO : 30%,soit 1 à 7.63€ au lieu de 10.90€,1,7.63 € / Pièce,7.63,10.9,3.2700000000000005,2020-04-11T00:00:00+0200,2020-04-14T23:59:00+0200
114,3276550576310,Gâteau nid de Pâques praliné ,,Pains et Pâtisseries,Mon pâtissier,True,PROMO : 30%,soit 1 à 7.63€ au lieu de 10.90€,1,7.63 € / Pièce,7.63,10.9,3.2700000000000005,2020-04-11T00:00:00+0200,2020-04-14T23:59:00+0200
115,3523680401174,Framboisier 8/10 ,CARREFOUR,Pains et Pâtisseries,Mon pâtissier,True,Vu en catalogue,soit 1 à 14.50€ au lieu de 14.50€,1,12.72 € / Kilogramme,14.5,14.5,0.0,2020-04-03T00:00:00+0200,2020-04-14T23:59:00+0200
116,3523680256125,Mini gâteaux assortiment Lunch ,CARREFOUR,Pains et Pâtisseries,Mon pâtissier,True,A saisir !,soit 1 à 11.90€ au lieu de 11.90€,1,22.88 € / Kilogramme,11.9,11.9,0.0,2020-04-03T00:00:00+0200,2020-04-14T23:59:00+0200
117,3276550576471,Nid de Pâques chocolat 6/8 parts ,,Pains et Pâtisseries,Mon pâtissier,True,PROMO : 30%,soit 1 à 7.63€ au lieu de 10.90€,1,7.63 € / Pièce,7.63,10.9,3.2700000000000005,2020-04-11T00:00:00+0200,2020-04-14T23:59:00+0200
118,3660133005487,Petits fours  CARREFOUR,REFS.SANS MARQUE,Pains et Pâtisseries,Mon pâtissier,True,Vu en catalogue,soit 1 à 6.90€ au lieu de 6.90€,1,17.69 € / Kilogramme,6.9,6.9,0.0,2020-04-03T00:00:00+0200,2020-04-14T23:59:00+0200
119,3523680256798,Petits fours  ,CARREFOUR,Pains et Pâtisseries,Mon pâtissier,True,A saisir !,soit 1 à 11.90€ au lieu de 11.90€,1,21.64 € / Kilogramme,11.9,11.9,0.0,2020-04-03T00:00:00+0200,2020-04-14T23:59:00+0200
120,3660133005487,Petits fours  CARREFOUR,REFS.SANS MARQUE,Pains et Pâtisseries,Mon pâtissier,True,Vu en catalogue,soit 1 à 6.90€ au lieu de 6.90€,1,17.69 € / Kilogramme,6.9,6.9,0.0,2020-04-03T00:00:00+0200,2020-04-14T23:59:00+0200
121,3523680256798,Petits fours  ,CARREFOUR,Pains et Pâtisseries,Mon pâtissier,True,A saisir !,soit 1 à 11.90€ au lieu de 11.90€,1,21.64 € / Kilogramme,11.9,11.9,0.0,2020-04-03T00:00:00+0200,2020-04-14T23:59:00+0200
122,3560070459049,Morbier AOP IGP FILIERE QUALITE CARREFOUR,FILIERE QUALITE CARF,Crémerie,Fromages,True,Vu en catalogue,soit 1 à 2.48€ au lieu de 2.48€,1,9.92 € / Kilogramme,2.48,2.48,0.0,2020-04-03T00:00:00+0200,2020-04-14T23:59:00+0200
123,3276558387307,Morbier AOP IGP FILIERE QUALITE CARREFOUR,FILIERE QUALITE CARF,Crémerie,Fromages,True,Vu en catalogue,soit 1 à 2.48€ au lieu de 2.48€,1,9.92 € / Kilogramme,2.48,2.48,0.0,2020-04-03T00:00:00+0200,2020-04-14T23:59:00+0200
124,3276555430723,Saint Nectaire AOP  ,,Crémerie,Fromages,True,Vu en catalogue,soit 1 à 2.97€ au lieu de 2.97€,1,12.91 € / Kilogramme,2.97,2.97,0.0,2020-04-03T00:00:00+0200,2020-04-14T23:59:00+0200
125,3523680242999,Brie de Meaux AOP 3/4 affiné IGP REFLETS DE FRANCE,REFLETS DE FRANCE,Crémerie,Fromages,True,Vu en catalogue,soit 1 à 2.48€ au lieu de 2.48€,1,9.92 € / Kilogramme,2.48,2.48,0.0,2020-04-03T00:00:00+0200,2020-04-14T23:59:00+0200
126,3276555434202,P'tit Basque brebis ,,Crémerie,Fromages,True,Vu en catalogue,soit 1 à 5.41€ au lieu de 5.41€,1,16.91 € / Kilogramme,5.41,5.41,0.0,2020-04-03T00:00:00+0200,2020-04-14T23:59:00+0200
127,3276558502328,Cantal entre-deux AOP IGP FILIERE QUALITE CARREFOUR,FILIERE QUALITE CARF,Crémerie,Fromages,True,Vu en catalogue,soit 1 à 2.58€ au lieu de 2.58€,1,12.90 € / Kilogramme,2.58,2.58,0.0,2020-04-03T00:00:00+0200,2020-04-14T23:59:00+0200
128,3276559884133,Brie de Meaux AOP REFLETS DE FRANCE,,Crémerie,Fromages,True,Vu en catalogue,soit 1 à 2.48€ au lieu de 2.48€,1,9.92 € / Kilogramme,2.48,2.48,0.0,2020-04-03T00:00:00+0200,2020-04-14T23:59:00+0200
129,3276555430037,Roquefort AOP SOCIETE,,Crémerie,Fromages,True,Vu en catalogue,soit 1 à 3.38€ au lieu de 3.38€,1,16.90 € / Kilogramme,3.38,3.38,0.0,2020-04-03T00:00:00+0200,2020-04-14T23:59:00+0200
130,3187670005089,Macaron assortiment  BRIOCHE PASQUIER,PASQUIER,Crémerie,"Yaourts, desserts et spécialités végétales",True,Vu en catalogue,soit 1 à 5.49€ au lieu de 5.49€,1,22.88 € / Kilogramme,5.49,5.49,0.0,2020-04-03T00:00:00+0200,2020-04-14T23:59:00+0200
131,3187670005072,Macaron assortiment  BRIOCHE PASQUIER,PASQUIER,Crémerie,"Yaourts, desserts et spécialités végétales",True,Vu en catalogue,soit 1 à 5.49€ au lieu de 5.49€,1,22.88 € / Kilogramme,5.49,5.49,0.0,2020-04-03T00:00:00+0200,2020-04-14T23:59:00+0200
132,3276553550898,Cantal vieux AOP FILIERE QUALITE CARREFOUR,FILIERE QUALITE CARF,Crémerie,Fromages,True,Vu en catalogue,soit 1 à 12.90€ au lieu de 12.90€,1,64.50 € / Kilogramme,12.9,12.9,0.0,2020-04-03T00:00:00+0200,2020-04-14T23:59:00+0200
133,3560070506460,Cantal vieux AOP FILIERE QUALITE CARREFOUR,FILIERE QUALITE CARF,Crémerie,Fromages,True,Vu en catalogue,soit 1 à 2.58€ au lieu de 2.58€,1,12.90 € / Kilogramme,2.58,2.58,0.0,2020-04-03T00:00:00+0200,2020-04-14T23:59:00+0200
134,4000539667008,Chocolat de Pâques Cloche Or chocolat au lait LINDT,LINDT,Traiteur,Pâques,True,Le 2ème à -50%,soit 2 à 5.55€ au lieu de 7.40€,2,37.00 € / Kilogramme,5.55,7.4,1.8500000000000005,2020-04-07T00:00:00+0200,2020-07-05T23:59:00+0200
135,7622210316813,Bonbons œufs chocolat lait MILKA,MILKA,Traiteur,Pâques,True,PROMO : 30%,soit 1 à 4.54€ au lieu de 6.49€,1,12.97 € / Kilogramme,4.54,6.49,1.9500000000000002,2020-04-07T00:00:00+0200,2020-07-05T23:59:00+0200
136,3110844790146,Chocolat de Pâques œuf noir PAPILLOTES REVILLON,PAPILLOTES REVILLON,Traiteur,Pâques,True,PROMO : 25%,soit 1 à 3.74€ au lieu de 4.99€,1,24.13 € / Kilogramme,3.74,4.99,1.25,2020-04-07T00:00:00+0200,2020-07-05T23:59:00+0200
137,8000500282069,Chocolat de Pâques œuf dyno KINDER,KINDER,Traiteur,Pâques,True,Le 2ème à -50%,soit 2 à 7.80€ au lieu de 10.40€,2,43.33 € / Kilogramme,7.8,10.4,2.6000000000000005,2020-04-07T00:00:00+0200,2020-07-05T23:59:00+0200
138,8000500282113,Chocolat de Pâques œuf fairies & elves KINDER,KINDER,Traiteur,Pâques,True,Le 2ème à -50%,soit 2 à 7.80€ au lieu de 10.40€,2,43.33 € / Kilogramme,7.8,10.4,2.6000000000000005,2020-04-07T00:00:00+0200,2020-07-05T23:59:00+0200
139,4000539671104,Chocolat de Pâques lapin chocolat au lait LINDT,LINDT,Traiteur,Pâques,True,Le 2ème à -50%,soit 2 à 5.08€ au lieu de 6.78€,2,33.90 € / Kilogramme,5.08,6.78,1.7000000000000002,2020-04-07T00:00:00+0200,2020-07-05T23:59:00+0200
140,7622210668844,Chocolat de Pâques œufs chocolat lait Daim MILKA,MILKA,Traiteur,Pâques,True,PROMO : 30%,soit 1 à 5.24€ au lieu de 7.49€,1,10.48 € / Kilogramme,5.24,7.49,2.25,2020-04-03T00:00:00+0200,2020-04-13T23:59:00+0200
141,7622210341440,Chocolat de Pâques œuf coque noisette MILKA,MILKA,Traiteur,Pâques,True,Le 2ème à -50%,soit 2 à 4.42€ au lieu de 5.90€,2,21.69 € / Kilogramme,4.42,5.9,1.4800000000000004,2020-03-31T00:00:00+0200,2020-04-13T23:59:00+0200
142,3292070005161,Tartinables houmous extra BLINI,ATELIER DE BLINI,Traiteur,Pâques,True,Prenez en 3 = Payez en 2,soit 3 à 5.24€ au lieu de 7.86€,3,14.97 € / Kilogramme,5.24,7.86,2.62,2020-04-03T00:00:00+0200,2020-04-13T23:59:00+0200
143,3292070006564,Guacamole extra BLINI,ATELIER DE BLINI,Traiteur,Pâques,True,Prenez en 3 = Payez en 2,soit 3 à 6.96€ au lieu de 10.44€,3,19.89 € / Kilogramme,6.96,10.44,3.4799999999999995,2020-04-03T00:00:00+0200,2020-04-13T23:59:00+0200
144,4000539620508,Bonbons chocolat noir mini lapin Or LINDT,LINDT,Traiteur,Pâques,True,Le 2ème à -50%,soit 2 à 7.93€ au lieu de 10.58€,2,44.08 € / Kilogramme,7.93,10.58,2.6500000000000004,2020-04-07T00:00:00+0200,2020-07-05T23:59:00+0200
145,3273070001537,Chocolat lait poule CONFISERIE ROHAN,ROHAN,Traiteur,Pâques,True,PROMO : 30%,soit 1 à 4.06€ au lieu de 5.80€,1,12.69 € / Kilogramme,4.06,5.8,1.7400000000000002,2020-04-03T00:00:00+0200,2020-04-13T23:59:00+0200
146,8000500148303,Chocolat de Pâques œuf reine des neiges 2 KINDER,KINDER,Traiteur,Pâques,True,Le 2ème à -50%,soit 2 à 10.78€ au lieu de 14.38€,2,47.93 € / Kilogramme,10.78,14.38,3.6000000000000014,2020-04-07T00:00:00+0200,2020-07-05T23:59:00+0200
147,4000539669804,Chocolat de Pâques lapin chocolat au lait/noisette LINDT,LINDT,Traiteur,Pâques,True,Le 2ème à -50%,soit 2 à 5.53€ au lieu de 7.38€,2,36.90 € / Kilogramme,5.53,7.38,1.8499999999999996,2020-04-07T00:00:00+0200,2020-07-05T23:59:00+0200
148,3292070006571,Houmous citron confit BLINI,ATELIER DE BLINI,Traiteur,Pâques,True,Prenez en 3 = Payez en 2,soit 3 à 5.08€ au lieu de 7.62€,3,14.51 € / Kilogramme,5.08,7.62,2.54,2020-04-03T00:00:00+0200,2020-04-13T23:59:00+0200
149,8013108002786,Chocolat de Pâques œuf noir noisettes LINDT,LINDT,Traiteur,Pâques,True,Le 2ème à -50%,soit 2 à 7.48€ au lieu de 9.98€,2,38.38 € / Kilogramme,7.48,9.98,2.5,2020-04-07T00:00:00+0200,2020-07-05T23:59:00+0200
150,8000500020012,Chocolat de Pâques œuf  Mariokart KINDER,KINDER,Traiteur,Pâques,True,Le 2ème à -50%,soit 2 à 10.78€ au lieu de 14.38€,2,47.93 € / Kilogramme,10.78,14.38,3.6000000000000014,2020-04-07T00:00:00+0200,2020-07-05T23:59:00+0200
151,3110844789140,Chocolat de Pâques œuf praliné noisettes PAPILLOTES REVILLON,PAPILLOTES REVILLON,Traiteur,Pâques,True,PROMO : 25%,soit 1 à 3.74€ au lieu de 4.99€,1,24.13 € / Kilogramme,3.74,4.99,1.25,2020-04-07T00:00:00+0200,2020-07-05T23:59:00+0200
152,8003340090337,Chocolat de Pâques œufs  au lait LINDOR,LINDOR,Traiteur,Pâques,True,Le 2ème à -50%,soit 2 à 7.48€ au lieu de 9.98€,2,24.95 € / Kilogramme,7.48,9.98,2.5,2020-04-07T00:00:00+0200,2020-07-05T23:59:00+0200
153,5413548283128,Bonbons choko-bons KINDER,KINDER,Traiteur,Pâques,True,Le 2ème à -50%,soit 2 à 4.29€ au lieu de 5.72€,2,14.30 € / Kilogramme,4.29,5.72,1.4299999999999997,2020-04-07T00:00:00+0200,2020-07-05T23:59:00+0200
154,4000539670008,Chocolat de Pâques lapin chocolat blanc LINDT,LINDT,Traiteur,Pâques,True,Le 2ème à -50%,soit 2 à 5.53€ au lieu de 7.38€,2,36.90 € / Kilogramme,5.53,7.38,1.8499999999999996,2020-04-07T00:00:00+0200,2020-07-05T23:59:00+0200
155,3067163647999,Saumon fumé sauvage DELPEYRAT,DELPEYRAT,Traiteur,Pâques,True,PROMO : 34%,soit 1 à 8.34€ au lieu de 12.65€,1,27.80 € / Kilogramme,8.34,12.65,4.3100000000000005,2020-04-03T00:00:00+0200,2020-04-13T23:59:00+0200
156,3292070009046,Saumonade  BLINI,ATELIER DE BLINI,Traiteur,Pâques,True,Prenez en 3 = Payez en 2,soit 3 à 5.80€ au lieu de 8.70€,3,20.71 € / Kilogramme,5.8,8.7,2.8999999999999995,2020-04-03T00:00:00+0200,2020-04-13T23:59:00+0200
157,4000539647109,Chocolat de Pâques lait mini poussins LINDT,LINDT,Traiteur,Pâques,True,Le 2ème à -50%,soit 2 à 7.93€ au lieu de 10.58€,2,44.08 € / Kilogramme,7.93,10.58,2.6500000000000004,2020-04-07T00:00:00+0200,2020-07-05T23:59:00+0200
158,7622210306159,Chocolat de Pâques œufs chocolat lait praliné MILKA,MILKA,Traiteur,Pâques,True,PROMO : 30%,soit 1 à 4.54€ au lieu de 6.49€,1,12.97 € / Kilogramme,4.54,6.49,1.9500000000000002,2020-04-07T00:00:00+0200,2020-07-05T23:59:00+0200
159,7622210835550,Chocolat de Pâques œuf chocolat au lait noisette MILKA,MILKA,Traiteur,Pâques,True,Le 2ème à -50%,soit 2 à 2.98€ au lieu de 3.98€,2,23.14 € / Kilogramme,2.98,3.98,1.0,2020-03-31T00:00:00+0200,2020-04-13T23:59:00+0200
160,7622210668875,Bonbons œufs chocolat tendre lait MILKA,MILKA,Traiteur,Pâques,True,PROMO : 30%,soit 1 à 5.24€ au lieu de 7.49€,1,10.48 € / Kilogramme,5.24,7.49,2.25,2020-04-03T00:00:00+0200,2020-04-13T23:59:00+0200
161,8000500033593,Chocolat de Pâques œuf  Mariokart KINDER,KINDER,Traiteur,Pâques,True,Le 2ème à -50%,soit 2 à 22.42€ au lieu de 29.90€,2,46.72 € / Kilogramme,22.42,29.9,7.479999999999997,2020-04-07T00:00:00+0200,2020-07-05T23:59:00+0200
162,7622210835529,Chocolat de Pâques œuf  chocolat au lait  alpin MILKA,MILKA,Traiteur,Pâques,True,Le 2ème à -50%,soit 2 à 2.98€ au lieu de 3.98€,2,23.14 € / Kilogramme,2.98,3.98,1.0,2020-03-31T00:00:00+0200,2020-04-13T23:59:00+0200
163,8000500266670,Chocolat de Pâques Lait lapin KINDER,KINDER,Traiteur,Pâques,True,Le 2ème à -50%,soit 2 à 7.48€ au lieu de 9.98€,2,23.00 € / Kilogramme,7.48,9.98,2.5,2020-04-07T00:00:00+0200,2020-07-05T23:59:00+0200
164,8000500167113,Chocolat de Pâques rocher FERRERO,FERRERO,Traiteur,Pâques,True,Le 2ème à -50%,soit 2 à 10.33€ au lieu de 13.78€,2,18.37 € / Kilogramme,10.33,13.78,3.4499999999999993,2020-04-07T00:00:00+0200,2020-07-05T23:59:00+0200
165,3292070008841,Houmous aux tomates séchées BLINI,ATELIER DE BLINI,Traiteur,Pâques,True,Prenez en 3 = Payez en 2,soit 3 à 5.66€ au lieu de 8.49€,3,16.17 € / Kilogramme,5.66,8.49,2.83,2020-04-03T00:00:00+0200,2020-04-13T23:59:00+0200
166,3292070005154,Ktipiti  BLINI,ATELIER DE BLINI,Traiteur,Pâques,True,Prenez en 3 = Payez en 2,soit 3 à 5.52€ au lieu de 8.28€,3,15.77 € / Kilogramme,5.52,8.28,2.76,2020-04-03T00:00:00+0200,2020-04-13T23:59:00+0200
167,3292070005147,Tzatziki  BLINI,ATELIER DE BLINI,Traiteur,Pâques,True,Prenez en 3 = Payez en 2,soit 3 à 4.92€ au lieu de 7.38€,3,14.06 € / Kilogramme,4.92,7.38,2.46,2020-04-03T00:00:00+0200,2020-04-13T23:59:00+0200
168,7622210795373,Chocolat de Pâques au lait oreo MILKA,MILKA,Traiteur,Pâques,True,Le 2ème à -50%,soit 2 à 4.42€ au lieu de 5.90€,2,23.05 € / Kilogramme,4.42,5.9,1.4800000000000004,2020-03-31T00:00:00+0200,2020-04-13T23:59:00+0200
169,7622210291943,Chocolat de Pâques œuf au chocolat au  lait MILKA,MILKA,Traiteur,Pâques,True,PROMO : 30%,soit 1 à 4.54€ au lieu de 6.49€,1,12.97 € / Kilogramme,4.54,6.49,1.9500000000000002,2020-04-07T00:00:00+0200,2020-07-05T23:59:00+0200
170,4008400270326,"Chocolat de Pâques assortiments peluches au choix lapin, mouton ou flamant rose KINDER",KINDER,Traiteur,Pâques,True,Le 2ème à -50%,soit 2 à 17.23€ au lieu de 22.98€,2,86.39 € / Kilogramme,17.23,22.98,5.75,2020-04-07T00:00:00+0200,2020-07-05T23:59:00+0200
171,8000500238899,Chocolat de Pâques shokobons KINDER,KINDER,Traiteur,Pâques,True,Le 2ème à -50%,soit 2 à 7.39€ au lieu de 9.86€,2,14.09 € / Kilogramme,7.39,9.86,2.4699999999999998,2020-04-07T00:00:00+0200,2020-07-05T23:59:00+0200
172,8000500210970,Chocolat de Pâques oeufs Schoko-Bons KINDER,KINDER,Traiteur,Pâques,True,Le 2ème à -50%,soit 2 à 4.48€ au lieu de 5.98€,2,31.15 € / Kilogramme,4.48,5.98,1.5,2020-04-07T00:00:00+0200,2020-07-05T23:59:00+0200
173,7622210463463,Chocolat de Pâques œufs chocolat lait Oreo MILKA,MILKA,Traiteur,Pâques,True,PROMO : 30%,soit 1 à 4.54€ au lieu de 6.49€,1,12.97 € / Kilogramme,4.54,6.49,1.9500000000000002,2020-04-07T00:00:00+0200,2020-07-05T23:59:00+0200
174,3760114579805,Mini burger panachés PASO,LES APEROS DE PASO,Traiteur,Pâques,True,Vu en catalogue,soit 1 à 7.90€ au lieu de 7.90€,1,19.51 € / Kilogramme,7.9,7.9,0.0,2020-04-03T00:00:00+0200,2020-04-14T23:59:00+0200
175,3700009261330,Verrines tomates et thon ,MIX BUFFET,Traiteur,Pâques,True,Vu en catalogue,soit 1 à 6.50€ au lieu de 6.50€,1,24.07 € / Kilogramme,6.5,6.5,0.0,2020-04-03T00:00:00+0200,2020-04-14T23:59:00+0200
176,3292070008476,Houmous aux poivrons BLINI,ATELIER DE BLINI,Traiteur,Pâques,True,Prenez en 3 = Payez en 2,soit 3 à 5.66€ au lieu de 8.49€,3,16.17 € / Kilogramme,5.66,8.49,2.83,2020-04-03T00:00:00+0200,2020-04-13T23:59:00+0200
177,3700009262177,Mini préfou chorizo/ail persil/tomates basilic MIX BUFFET,MIX BUFFET,Traiteur,Pâques,True,Prenez en 3 = Payez en 2,soit 3 à 11.90€ au lieu de 17.85€,3,15.87 € / Kilogramme,11.9,17.85,5.950000000000001,2020-04-03T00:00:00+0200,2020-04-13T23:59:00+0200
178,4000539609008,Bonbons chocolat au lait LINDT,LINDT,Traiteur,Pâques,True,Le 2ème à -50%,soit 2 à 7.93€ au lieu de 10.58€,2,44.08 € / Kilogramme,7.93,10.58,2.6500000000000004,2020-04-07T00:00:00+0200,2020-07-05T23:59:00+0200
179,7613036680424,Chocolat de Pâques oeufs SMARTIES,NESTLE,Traiteur,Pâques,True,Le 2ème à -50%,soit 2 à 6.73€ au lieu de 8.98€,2,32.07 € / Kilogramme,6.73,8.98,2.25,2020-04-07T00:00:00+0200,2020-07-05T23:59:00+0200
180,8000500144985,Chocolat de Pâques œuf  surprise PJMASKS KINDER,KINDER,Traiteur,Pâques,True,Le 2ème à -50%,soit 2 à 7.03€ au lieu de 9.38€,2,46.90 € / Kilogramme,7.03,9.38,2.3500000000000005,2020-04-07T00:00:00+0200,2020-07-05T23:59:00+0200
181,4000539609008,Bonbons chocolat au lait LINDT,LINDT,Traiteur,Pâques,True,Le 2ème à -50%,soit 2 à 7.93€ au lieu de 10.58€,2,44.08 € / Kilogramme,7.93,10.58,2.6500000000000004,2020-04-07T00:00:00+0200,2020-07-05T23:59:00+0200
182,3760114579829,Plateau de cheese burger X9 PASO,LES APEROS DE PASO,Traiteur,Pâques,True,Vu en catalogue,soit 1 à 7.90€ au lieu de 7.90€,1,19.51 € / Kilogramme,7.9,7.9,0.0,2020-04-03T00:00:00+0200,2020-04-14T23:59:00+0200
183,3700009264881,Mini cakes assortiment ,MIX BUFFET,Traiteur,Pâques,True,Prenez en 3 = Payez en 2,soit 3 à 11.90€ au lieu de 17.85€,3,16.53 € / Kilogramme,11.9,17.85,5.950000000000001,2020-04-03T00:00:00+0200,2020-04-13T23:59:00+0200
184,3700009263266,Petits fours assortiment MIX BUFFET,MIX BUFFET,Traiteur,Pâques,True,Prenez en 3 = Payez en 2,soit 3 à 11.90€ au lieu de 17.85€,3,25.32 € / Kilogramme,11.9,17.85,5.950000000000001,2020-04-03T00:00:00+0200,2020-04-13T23:59:00+0200
185,3700009267677,Gougères aux 4 saveurs MIX BUFFET,MIX BUFFET,Traiteur,Pâques,True,Prenez en 3 = Payez en 2,soit 3 à 11.52€ au lieu de 17.28€,3,41.14 € / Kilogramme,11.52,17.28,5.760000000000002,2020-04-03T00:00:00+0200,2020-04-13T23:59:00+0200
186,3700009269558,Damier brioché cœur fondant lardon fromage MIX BUFFET,MIX BUFFET,Traiteur,Pâques,True,Prenez en 3 = Payez en 2,soit 3 à 11.90€ au lieu de 17.85€,3,20.52 € / Kilogramme,11.9,17.85,5.950000000000001,2020-04-03T00:00:00+0200,2020-04-13T23:59:00+0200
187,7622400817199,Bonbons œuf coque lait MILKA,MILKA,Traiteur,Pâques,True,Le 2ème à -50%,soit 2 à 4.42€ au lieu de 5.90€,2,21.69 € / Kilogramme,4.42,5.9,1.4800000000000004,2020-03-31T00:00:00+0200,2020-04-13T23:59:00+0200
188,7622210952172,Chocolat de Pâques œufs chocolat au lait alpin MILKA,MILKA,Traiteur,Pâques,True,PROMO : 30%,soit 1 à 5.24€ au lieu de 7.49€,1,10.48 € / Kilogramme,5.24,7.49,2.25,2020-04-03T00:00:00+0200,2020-04-13T23:59:00+0200
189,7613036221689,Poussins Chocolat au lait SMARTIES,SMARTIES,Traiteur,Pâques,True,Le 2ème à -50%,soit 2 à 6.43€ au lieu de 8.58€,2,40.86 € / Kilogramme,6.43,8.58,2.1500000000000004,2020-04-07T00:00:00+0200,2020-07-05T23:59:00+0200
190,4000539670107,Chocolat de Pâques lapin or blanc LINDT,LINDT,Traiteur,Pâques,True,Le 2ème à -50%,soit 2 à 7.93€ au lieu de 10.58€,2,26.45 € / Kilogramme,7.93,10.58,2.6500000000000004,2020-04-07T00:00:00+0200,2020-07-05T23:59:00+0200
191,4000539671005,Chocolat de Pâques lapin chocolat lait LINDT,LINDT,Traiteur,Pâques,True,Le 2ème à -50%,soit 2 à 7.57€ au lieu de 10.10€,2,25.25 € / Kilogramme,7.57,10.1,2.5299999999999994,2020-04-07T00:00:00+0200,2020-07-05T23:59:00+0200
192,4000539681189,Chocolat de Pâques au lait lapin LINDT,LINDT,Traiteur,Pâques,True,Le 2ème à -50%,soit 2 à 22.48€ au lieu de 29.98€,2,29.98 € / Kilogramme,22.48,29.98,7.5,2020-04-07T00:00:00+0200,2020-07-05T23:59:00+0200
193,4000539671203,Bonbons chocolat lait lapin Or LINDT,LINDT,Traiteur,Pâques,True,Le 2ème à -50%,soit 2 à 3.73€ au lieu de 4.98€,2,49.80 € / Kilogramme,3.73,4.98,1.2500000000000004,2020-04-07T00:00:00+0200,2020-07-05T23:59:00+0200
194,3700009264980,Mini-Préfous 'Le Fromager' ,MIX BUFFET,Traiteur,Pâques,True,Prenez en 3 = Payez en 2,soit 3 à 11.90€ au lieu de 17.85€,3,15.87 € / Kilogramme,11.9,17.85,5.950000000000001,2020-04-03T00:00:00+0200,2020-04-13T23:59:00+0200
195,3067163647968,Saumon fumé d'Ecosse DELPEYRAT,DELPEYRAT,Traiteur,Pâques,True,PROMO : 34%,soit 1 à 8.34€ au lieu de 12.65€,1,23.83 € / Kilogramme,8.34,12.65,4.3100000000000005,2020-04-03T00:00:00+0200,2020-04-13T23:59:00+0200
196,3110845303437,Chocolat de Pâques poisson noir + friture PAPILLOTES REVILLON,PAPILLOTES REVILLON,Traiteur,Pâques,True,Le 2ème à -50%,soit 2 à 11.77€ au lieu de 15.70€,2,26.17 € / Kilogramme,11.77,15.7,3.9299999999999997,2020-03-31T00:00:00+0200,2020-04-13T23:59:00+0200
197,8003340098487,Chocolat de Pâques assortiment mini œufs LINDT,LINDT,Traiteur,Pâques,True,Le 2ème à -50%,soit 2 à 6.88€ au lieu de 9.18€,2,25.50 € / Kilogramme,6.88,9.18,2.3,2020-03-31T00:00:00+0200,2020-04-13T23:59:00+0200
198,3110845303482,Chocolat de Pâques oeufs noir et praliné PAPILLOTES REVILLON,PAPILLOTES REVILLON,Traiteur,Pâques,True,PROMO : 25%,soit 1 à 3.15€ au lieu de 4.20€,1,16.58 € / Kilogramme,3.15,4.2,1.0500000000000003,2020-04-07T00:00:00+0200,2020-07-05T23:59:00+0200
199,8003340097336,Chocolat de Pâques œufs assortis LINDOR,LINDOR,Traiteur,Pâques,True,Le 2ème à -50%,soit 2 à 7.48€ au lieu de 9.98€,2,24.95 € / Kilogramme,7.48,9.98,2.5,2020-04-07T00:00:00+0200,2020-07-05T23:59:00+0200
200,7622210306111,Bonbons œufs chocolat 5 goûts MILKA,MILKA,Traiteur,Pâques,True,PROMO : 30%,soit 1 à 4.54€ au lieu de 6.49€,1,12.97 € / Kilogramme,4.54,6.49,1.9500000000000002,2020-04-07T00:00:00+0200,2020-07-05T23:59:00+0200
201,7622210316837,Bonbons œufs chocolat lait biscuit MILKA,MILKA,Traiteur,Pâques,True,PROMO : 30%,soit 1 à 5.24€ au lieu de 7.49€,1,10.48 € / Kilogramme,5.24,7.49,2.25,2020-04-03T00:00:00+0200,2020-04-13T23:59:00+0200
202,8000500286401,Bonbons chocolat happy moments KINDER,KINDER,Traiteur,Pâques,True,Le 2ème à -50%,soit 2 à 7.18€ au lieu de 9.58€,2,19.79 € / Kilogramme,7.18,9.58,2.4000000000000004,2020-04-07T00:00:00+0200,2020-07-05T23:59:00+0200
203,7622210835567,Chocolat de Pâques œuf chocolat au lait bonbon confett MILKA,MILKA,Traiteur,Pâques,True,Le 2ème à -50%,soit 2 à 2.98€ au lieu de 3.98€,2,23.14 € / Kilogramme,2.98,3.98,1.0,2020-03-31T00:00:00+0200,2020-04-13T23:59:00+0200
204,3292070009039,Thoionade extra  ATELIER BLINI,ATELIER DE BLINI,Traiteur,Pâques,True,Prenez en 3 = Payez en 2,soit 3 à 5.80€ au lieu de 8.70€,3,20.71 € / Kilogramme,5.8,8.7,2.8999999999999995,2020-04-03T00:00:00+0200,2020-04-13T23:59:00+0200
205,7622300479664,Bonbons œuf cacao MILKA,MILKA,Traiteur,Pâques,True,Le 2ème à -50%,soit 2 à 4.42€ au lieu de 5.90€,2,21.69 € / Kilogramme,4.42,5.9,1.4800000000000004,2020-03-31T00:00:00+0200,2020-04-13T23:59:00+0200
206,7622210957160,Chocolat de Pâques miel & mandes TOBLERONE,TOBLERONE,Traiteur,Pâques,True,Le 2ème à -60%,soit 2 à 8.38€ au lieu de 11.98€,2,31.20 € / Kilogramme,8.38,11.98,3.5999999999999996,2020-03-31T00:00:00+0200,2020-04-13T23:59:00+0200
207,7613036682855,Chocolat de Pâques menthe NESTLE,NESTLE,Traiteur,Pâques,True,30% économisés,1.59€ sur la carte pour chaque produit acheté,1,13.25 € / Kilogramme,5.3,5.3,0.0,2020-04-07T00:00:00+0200,2020-07-05T23:59:00+0200
208,3273230241179,Bouchée lotte/St-Jacques  ,BIGARD,Traiteur,Pâques,True,Vu en catalogue,soit 1 à 4.90€ au lieu de 4.90€,1,18.85 € / Kilogramme,4.9,4.9,0.0,2020-04-03T00:00:00+0200,2020-04-14T23:59:00+0200
209,3350210106007,Champagne brut Grande Réserve ,REFS.SANS MARQUE,Traiteur,Pâques,True,Vu en catalogue,soit 1 à 13.95€ au lieu de 13.95€,1,18.60 € / Litre,13.95,13.95,0.0,2020-04-03T00:00:00+0200,2020-04-14T23:59:00+0200
210,3700009241837,Verrines avocat crevettes ,MIX BUFFET,Traiteur,Pâques,True,Vu en catalogue,soit 1 à 6.50€ au lieu de 6.50€,1,24.07 € / Kilogramme,6.5,6.5,0.0,2020-04-03T00:00:00+0200,2020-04-14T23:59:00+0200
211,3700009241721,Verrines tomates/noix de St Jacques ,MIX BUFFET,Traiteur,Pâques,True,Vu en catalogue,soit 1 à 6.50€ au lieu de 6.50€,1,24.07 € / Kilogramme,6.5,6.5,0.0,2020-04-03T00:00:00+0200,2020-04-14T23:59:00+0200
212,3350210107103,Champagne brut rosé CHARLES ELLNER,REFS.SANS MARQUE,Traiteur,Pâques,True,Vu en catalogue,soit 1 à 13.95€ au lieu de 13.95€,1,18.60 € / Litre,13.95,13.95,0.0,2020-04-03T00:00:00+0200,2020-04-14T23:59:00+0200
213,4008400231723,Chocolat de Pâques œuf  surprise Trolls KINDER,KINDER,Traiteur,Pâques,True,Le 2ème à -50%,soit 2 à 7.03€ au lieu de 9.38€,2,46.90 € / Kilogramme,7.03,9.38,2.3500000000000005,2020-04-07T00:00:00+0200,2020-07-05T23:59:00+0200
214,8000500035184,Chocolat de Pâques œuf au lait KINDER,KINDER,Traiteur,Pâques,True,Le 2ème à -50%,soit 2 à 5.08€ au lieu de 6.78€,2,42.38 € / Kilogramme,5.08,6.78,1.7000000000000002,2020-04-07T00:00:00+0200,2020-07-05T23:59:00+0200
215,3067163647951,Saumon fumé de Norvège DELPEYRAT,DELPEYRAT,Traiteur,Pâques,True,PROMO : 34%,soit 1 à 8.34€ au lieu de 12.65€,1,22.24 € / Kilogramme,8.34,12.65,4.3100000000000005,2020-04-03T00:00:00+0200,2020-04-13T23:59:00+0200
216,3067163647982,Saumon fumé Danemark DELPEYRAT,DELPEYRAT,Traiteur,Pâques,True,PROMO : 34%,soit 1 à 7.59€ au lieu de 11.51€,1,23.35 € / Kilogramme,7.59,11.51,3.92,2020-04-03T00:00:00+0200,2020-04-13T23:59:00+0200
217,3173286450603,Chocolat lapin vichy et ses œufs CEMOI,CEMOI,Traiteur,Pâques,True,Le 2ème à -50%,soit 2 à 5.70€ au lieu de 7.60€,2,23.90 € / Kilogramme,5.7,7.6,1.8999999999999995,2020-03-31T00:00:00+0200,2020-04-13T23:59:00+0200
218,3033610053910,Truite fumée au bois de hêtre LABEYRIE,LABEYRIE,Traiteur,Pâques,True,PROMO : 30%,soit 1 à 3.01€ au lieu de 4.30€,1,25.08 € / Kilogramme,3.01,4.3,1.29,2020-04-03T00:00:00+0200,2020-04-13T23:59:00+0200
219,3110844881141,Chocolat noiir moulage poule REVILLON CHOCOLATIER,CHOCOLAT REVILLON,Traiteur,Pâques,True,Le 2ème à -50%,soit 2 à 11.77€ au lieu de 15.70€,2,26.17 € / Kilogramme,11.77,15.7,3.9299999999999997,2020-03-31T00:00:00+0200,2020-04-13T23:59:00+0200
220,3292070009589,Guacamole épicé ATELIER BLINI,ATELIER DE BLINI,Traiteur,Pâques,True,Prenez en 3 = Payez en 2,soit 3 à 5.66€ au lieu de 8.49€,3,16.17 € / Kilogramme,5.66,8.49,2.83,2020-04-03T00:00:00+0200,2020-04-13T23:59:00+0200
221,3292070008025,Baba Ganoush aubergines/sésame/ail rose BLINI,ATELIER DE BLINI,Traiteur,Pâques,True,Prenez en 3 = Payez en 2,soit 3 à 6.58€ au lieu de 9.87€,3,19.94 € / Kilogramme,6.58,9.87,3.289999999999999,2020-04-03T00:00:00+0200,2020-04-13T23:59:00+0200
222,8000500018828,Chocolat de Pâques 1/2 mètre KINDER,KINDER,Traiteur,Pâques,True,Le 2ème à -50%,soit 2 à 7.93€ au lieu de 10.58€,2,17.63 € / Kilogramme,7.93,10.58,2.6500000000000004,2020-04-07T00:00:00+0200,2020-07-05T23:59:00+0200
223,4000539647703,Chocolat de Pâques noir lapin Or LINDT,LINDT,Traiteur,Pâques,True,Le 2ème à -50%,soit 2 à 5.53€ au lieu de 7.38€,2,36.90 € / Kilogramme,5.53,7.38,1.8499999999999996,2020-04-07T00:00:00+0200,2020-07-05T23:59:00+0200
224,8000500285572,Chocolat de Pâques lapin au lait avec éclats de noisettes FERRERO,FERRERO,Traiteur,Pâques,True,Le 2ème à -50%,soit 2 à 4.87€ au lieu de 6.50€,2,32.50 € / Kilogramme,4.87,6.5,1.63,2020-04-07T00:00:00+0200,2020-07-05T23:59:00+0200
225,7622210835574,Chocolat de Pâques œuf chocolat au lait popping MILKA,MILKA,Traiteur,Pâques,True,Le 2ème à -50%,soit 2 à 2.98€ au lieu de 3.98€,2,23.14 € / Kilogramme,2.98,3.98,1.0,2020-03-31T00:00:00+0200,2020-04-13T23:59:00+0200
226,8000500129890,Chocolat de Pâques Mini Eggs lait/noisettes KINDER,KINDER,Traiteur,Pâques,True,Le 2ème à -50%,soit 2 à 5.70€ au lieu de 7.60€,2,20.88 € / Kilogramme,5.7,7.6,1.8999999999999995,2020-04-07T00:00:00+0200,2020-07-05T23:59:00+0200
227,7622210584267,Chocolat lait noisette MILKA,MILKA,Traiteur,Pâques,True,Le 2ème à -50%,soit 2 à 3.73€ au lieu de 4.98€,2,26.21 € / Kilogramme,3.73,4.98,1.2500000000000004,2020-04-03T00:00:00+0200,2020-04-13T23:59:00+0200
228,7622210291981,Bonbons œufs chocolat lait Daim MILKA,MILKA,Traiteur,Pâques,True,PROMO : 30%,soit 1 à 4.54€ au lieu de 6.49€,1,12.97 € / Kilogramme,4.54,6.49,1.9500000000000002,2020-04-07T00:00:00+0200,2020-07-05T23:59:00+0200
229,3173286768005,Chocolat de Pâques lait méga t'œuf CEMOI,CEMOI,Traiteur,Pâques,True,Le 2ème à -50%,soit 2 à 9.73€ au lieu de 12.98€,2,14.42 € / Kilogramme,9.73,12.98,3.25,2020-03-31T00:00:00+0200,2020-04-13T23:59:00+0200
230,7622210584212,Chocolat de Pâques lapin au lait MILKA,MILKA,Traiteur,Pâques,True,Le 2ème à -50%,soit 2 à 3.73€ au lieu de 4.98€,2,26.21 € / Kilogramme,3.73,4.98,1.2500000000000004,2020-04-03T00:00:00+0200,2020-04-13T23:59:00+0200
231,3173286455905,Chocolat de Pâques au lait aux éclats de caramel la poule vichy CEMOI,CEMOI,Traiteur,Pâques,True,Le 2ème à -50%,soit 2 à 5.70€ au lieu de 7.60€,2,23.90 € / Kilogramme,5.7,7.6,1.8999999999999995,2020-03-31T00:00:00+0200,2020-04-13T23:59:00+0200
232,3120470027271,Chocolats lait et blanc ABTEY,ABTEY,Traiteur,Pâques,True,Le 2ème à -50%,soit 2 à 6.75€ au lieu de 9.00€,2,32.14 € / Kilogramme,6.75,9.0,2.25,2020-03-31T00:00:00+0200,2020-04-13T23:59:00+0200
233,8013108002779,Chocolat de Pâques œuf lait noisettes LINDT,LINDT,Traiteur,Pâques,True,Le 2ème à -50%,soit 2 à 7.48€ au lieu de 9.98€,2,38.38 € / Kilogramme,7.48,9.98,2.5,2020-04-07T00:00:00+0200,2020-07-05T23:59:00+0200
234,8000500258798,Chocolat de Pâques lait écureuil FERRERO,FERRERO,Traiteur,Pâques,True,Le 2ème à -50%,soit 2 à 4.87€ au lieu de 6.50€,2,36.11 € / Kilogramme,4.87,6.5,1.63,2020-04-07T00:00:00+0200,2020-07-05T23:59:00+0200
235,8000500342985,Chocolat de Pâques panier chasse aux œufs KINDER,KINDER,Traiteur,Pâques,True,Le 2ème à -50%,soit 2 à 7.48€ au lieu de 9.98€,2,33.27 € / Kilogramme,7.48,9.98,2.5,2020-04-07T00:00:00+0200,2020-07-05T23:59:00+0200
236,3173286455400,Chocolat de Pâques lait la cloche vichy garni CEMOI,CEMOI,Traiteur,Pâques,True,Le 2ème à -50%,soit 2 à 5.70€ au lieu de 7.60€,2,24.68 € / Kilogramme,5.7,7.6,1.8999999999999995,2020-03-31T00:00:00+0200,2020-04-13T23:59:00+0200
237,3017621815002,Bonbons chocolat lait/noisette FERRERO ROCHER,FERRERO,Traiteur,Pâques,True,Le 2ème à -50%,soit 2 à 7.93€ au lieu de 10.58€,2,26.45 € / Kilogramme,7.93,10.58,2.6500000000000004,2020-04-07T00:00:00+0200,2020-07-05T23:59:00+0200
238,7622210966889,Chocolat de Pâques œuf sélection assortiments chocolats COTE D'OR,COTE D'OR,Traiteur,Pâques,True,Le 2ème à -60%,soit 2 à 8.38€ au lieu de 11.98€,2,26.74 € / Kilogramme,8.38,11.98,3.5999999999999996,2020-03-31T00:00:00+0200,2020-04-13T23:59:00+0200
239,7622300192235,Chocolat de Pâques au lait Lapin MILKA,MILKA,Traiteur,Pâques,True,Le 2ème à -50%,soit 2 à 3.73€ au lieu de 4.98€,2,20.75 € / Kilogramme,3.73,4.98,1.2500000000000004,2020-04-03T00:00:00+0200,2020-04-13T23:59:00+0200
240,8000500270394,Chocolat de Pâques œuf girl powerpuff KINDER,KINDER,Traiteur,Pâques,True,Le 2ème à -50%,soit 2 à 16.95€ au lieu de 22.60€,2,51.36 € / Kilogramme,16.95,22.6,5.650000000000002,2020-04-07T00:00:00+0200,2020-07-05T23:59:00+0200
241,7622201101312,Chocolat de Pâques mon tendre panier MILKA,MILKA,Traiteur,Pâques,True,PROMO : 30%,soit 1 à 4.19€ au lieu de 5.99€,1,25.86 € / Kilogramme,4.19,5.99,1.7999999999999998,2020-03-31T00:00:00+0200,2020-04-13T23:59:00+0200
242,3173286767503,Chocolat de Pâques au lait lmega teuf CEMOI,CEMOI,Traiteur,Pâques,True,Le 2ème à -50%,soit 2 à 8.98€ au lieu de 11.98€,2,13.31 € / Kilogramme,8.98,11.98,3.0,2020-03-31T00:00:00+0200,2020-04-13T23:59:00+0200
243,3120470027240,Chocolats lait et blanc ABTEY,ABTEY,Traiteur,Pâques,True,Le 2ème à -50%,soit 2 à 6.75€ au lieu de 9.00€,2,32.14 € / Kilogramme,6.75,9.0,2.25,2020-03-31T00:00:00+0200,2020-04-13T23:59:00+0200
244,3110845303529,Chocolat de Pâques œufs pralinés lait/blanc PAPILLOTES REVILLON,PAPILLOTES REVILLON,Traiteur,Pâques,True,PROMO : 25%,soit 1 à 3.15€ au lieu de 4.20€,1,16.58 € / Kilogramme,3.15,4.2,1.0500000000000003,2020-04-07T00:00:00+0200,2020-07-05T23:59:00+0200
245,3120470027226,Chocolat de Pâques lait Mous & Tache ABTEY,ABTEY,Traiteur,Pâques,True,Le 2ème à -50%,soit 2 à 6.75€ au lieu de 9.00€,2,32.14 € / Kilogramme,6.75,9.0,2.25,2020-03-31T00:00:00+0200,2020-04-13T23:59:00+0200
246,8000500343456,Chocolat de Pâques blanc schokobons KINDER,KINDER,Traiteur,Pâques,True,Le 2ème à -50%,soit 2 à 5.02€ au lieu de 6.70€,2,16.75 € / Kilogramme,5.02,6.7,1.6800000000000006,2020-04-07T00:00:00+0200,2020-07-05T23:59:00+0200
247,8000500304884,Chocolat de Pâques au lait lapin KINDER,KINDER,Traiteur,Pâques,True,Le 2ème à -50%,soit 2 à 14.98€ au lieu de 19.98€,2,50.45 € / Kilogramme,14.98,19.98,5.0,2020-04-07T00:00:00+0200,2020-07-05T23:59:00+0200
248,7613037787542,Chocolat de Pâques pochette cadeau NESTLE,NESTLE,Traiteur,Pâques,True,Le 2ème à -50%,soit 2 à 7.32€ au lieu de 9.76€,2,28.82 € / Kilogramme,7.32,9.76,2.4399999999999995,2020-04-07T00:00:00+0200,2020-07-05T23:59:00+0200
249,4000539670503,Chocolat de Pâques lapin or noir LINDT,LINDT,Traiteur,Pâques,True,Le 2ème à -50%,soit 2 à 7.93€ au lieu de 10.58€,2,26.45 € / Kilogramme,7.93,10.58,2.6500000000000004,2020-04-07T00:00:00+0200,2020-07-05T23:59:00+0200
250,8003340098470,Chocolat de Pâques mini œufs praliné LINDT,LINDT,Traiteur,Pâques,True,Le 2ème à -50%,soit 2 à 6.88€ au lieu de 9.18€,2,25.50 € / Kilogramme,6.88,9.18,2.3,2020-03-31T00:00:00+0200,2020-04-13T23:59:00+0200
251,3120470027332,Chocolat de Pâques lait Chick et Ken ABTEY,ABTEY,Traiteur,Pâques,True,Le 2ème à -50%,soit 2 à 6.75€ au lieu de 9.00€,2,32.14 € / Kilogramme,6.75,9.0,2.25,2020-03-31T00:00:00+0200,2020-04-13T23:59:00+0200
252,8000500270400,Chocolat de Pâques oeuf garçon avengers KINDER,KINDER,Traiteur,Pâques,True,Le 2ème à -50%,soit 2 à 16.95€ au lieu de 22.60€,2,51.36 € / Kilogramme,16.95,22.6,5.650000000000002,2020-04-07T00:00:00+0200,2020-07-05T23:59:00+0200
253,3173286427308,Chocolat de Pâques lait lapin Vichy & œuf praliné CEMOI,CEMOI,Traiteur,Pâques,True,Le 2ème à -50%,soit 2 à 5.70€ au lieu de 7.60€,2,24.68 € / Kilogramme,5.7,7.6,1.8999999999999995,2020-03-31T00:00:00+0200,2020-04-13T23:59:00+0200
254,7613037786521,Bonbons pochette cadeau SMARTIES,NESTLE,Traiteur,Pâques,True,Le 2ème à -50%,soit 2 à 7.32€ au lieu de 9.76€,2,24.92 € / Kilogramme,7.32,9.76,2.4399999999999995,2020-04-07T00:00:00+0200,2020-07-05T23:59:00+0200
255,8714786294097,Chocolat de Pâques œuf flamme Play mobil fille BIP,BIP,Traiteur,Pâques,True,Le 2ème à -60%,soit 2 à 10.48€ au lieu de 14.98€,2,49.93 € / Kilogramme,10.48,14.98,4.5,2020-03-31T00:00:00+0200,2020-04-13T23:59:00+0200
256,8000500233917,Bonbons Mini Eggs chocolat lait KINDER CHOCOLAT,KINDER,Traiteur,Pâques,True,Le 2ème à -50%,soit 2 à 5.98€ au lieu de 7.98€,2,21.92 € / Kilogramme,5.98,7.98,2.0,2020-04-07T00:00:00+0200,2020-07-05T23:59:00+0200
257,8000500033616,Chocolat de Pâques au lait miraculous KINDER,KINDER,Traiteur,Pâques,True,Le 2ème à -50%,soit 2 à 22.42€ au lieu de 29.90€,2,46.72 € / Kilogramme,22.42,29.9,7.479999999999997,2020-04-07T00:00:00+0200,2020-07-05T23:59:00+0200
258,3173286441205,Chocolat de Pâques au lait  œuf vichy garni CEMOI,CEMOI,Traiteur,Pâques,True,Le 2ème à -50%,soit 2 à 5.70€ au lieu de 7.60€,2,24.68 € / Kilogramme,5.7,7.6,1.8999999999999995,2020-03-31T00:00:00+0200,2020-04-13T23:59:00+0200
259,3110845303413,Chocolat de Pâques œuf  noir+ petits œufs PAPILLOTES REVILLON,PAPILLOTES REVILLON,Traiteur,Pâques,True,Le 2ème à -50%,soit 2 à 11.77€ au lieu de 15.70€,2,26.17 € / Kilogramme,11.77,15.7,3.9299999999999997,2020-03-31T00:00:00+0200,2020-04-13T23:59:00+0200
260,8000500323021,Chocolat de Pâques happy moments KINDER,KINDER,Traiteur,Pâques,True,Le 2ème à -50%,soit 2 à 14.85€ au lieu de 19.80€,2,28.53 € / Kilogramme,14.85,19.8,4.950000000000001,2020-04-07T00:00:00+0200,2020-07-05T23:59:00+0200
261,4000539670602,Chocolat de Pâques lapin noir LINDT,LINDT,Traiteur,Pâques,True,Le 2ème à -50%,soit 2 à 5.53€ au lieu de 7.38€,2,36.90 € / Kilogramme,5.53,7.38,1.8499999999999996,2020-04-07T00:00:00+0200,2020-07-05T23:59:00+0200
262,4000539646904,Chocolat de Pâques au lait poussin LINDT,LINDT,Traiteur,Pâques,True,Le 2ème à -50%,soit 2 à 5.23€ au lieu de 6.98€,2,34.90 € / Kilogramme,5.23,6.98,1.75,2020-04-07T00:00:00+0200,2020-07-05T23:59:00+0200
263,3173286429500,Chocolat de Pâques noir le lapin vichy garni œufs praliné CEMOI,CEMOI,Traiteur,Pâques,True,Le 2ème à -50%,soit 2 à 5.70€ au lieu de 7.60€,2,24.68 € / Kilogramme,5.7,7.6,1.8999999999999995,2020-03-31T00:00:00+0200,2020-04-13T23:59:00+0200
264,3173286767909,Chocolat de Pâques méga t'œuf praliné CEMOI,CEMOI,Traiteur,Pâques,True,Le 2ème à -50%,soit 2 à 9.73€ au lieu de 12.98€,2,14.42 € / Kilogramme,9.73,12.98,3.25,2020-03-31T00:00:00+0200,2020-04-13T23:59:00+0200
265,3110845303611,Chocolat de Pâques lapin noir + friture PAPILLOTES REVILLON,PAPILLOTES REVILLON,Traiteur,Pâques,True,Le 2ème à -50%,soit 2 à 11.77€ au lieu de 15.70€,2,26.17 € / Kilogramme,11.77,15.7,3.9299999999999997,2020-03-31T00:00:00+0200,2020-04-13T23:59:00+0200
266,7613037752984,Chocolat de Pâques poule garni NESTLE,NESTLE,Traiteur,Pâques,True,Le 2ème à -50%,soit 2 à 5.25€ au lieu de 7.00€,2,35.00 € / Kilogramme,5.25,7.0,1.75,2020-04-07T00:00:00+0200,2020-07-05T23:59:00+0200
267,7613037767551,Bonbons village de Pâques SMARTIES,NESTLE,Traiteur,Pâques,True,Le 2ème à -50%,soit 2 à 4.48€ au lieu de 5.98€,2,28.75 € / Kilogramme,4.48,5.98,1.5,2020-04-07T00:00:00+0200,2020-07-05T23:59:00+0200
268,7622210316851,Bonbons œufs chocolat lait praliné MILKA,MILKA,Traiteur,Pâques,True,PROMO : 30%,soit 1 à 5.24€ au lieu de 7.49€,1,10.48 € / Kilogramme,5.24,7.49,2.25,2020-04-03T00:00:00+0200,2020-04-13T23:59:00+0200
269,3110844791143,Chocolat de Pâques caramel fondant PAPILLOTES REVILLON,PAPILLOTES REVILLON,Traiteur,Pâques,True,PROMO : 25%,soit 1 à 3.74€ au lieu de 4.99€,1,24.13 € / Kilogramme,3.74,4.99,1.25,2020-04-07T00:00:00+0200,2020-07-05T23:59:00+0200
270,8000500045176,Chocolat de Pâques moulage lapin KINDER,KINDER,Traiteur,Pâques,True,Le 2ème à -50%,soit 2 à 5.08€ au lieu de 6.78€,2,21.19 € / Kilogramme,5.08,6.78,1.7000000000000002,2020-04-07T00:00:00+0200,2020-07-05T23:59:00+0200
271,3173286766803,Chocolat de Pâques noir fondant mega teuf CEMOI,CEMOI,Traiteur,Pâques,True,Le 2ème à -50%,soit 2 à 9.73€ au lieu de 12.98€,2,15.45 € / Kilogramme,9.73,12.98,3.25,2020-03-31T00:00:00+0200,2020-04-13T23:59:00+0200
272,8000500338254,Chocolat de Pâques blanc mini eggs KINDER,KINDER,Traiteur,Pâques,True,Le 2ème à -50%,soit 2 à 5.98€ au lieu de 7.98€,2,21.92 € / Kilogramme,5.98,7.98,2.0,2020-04-07T00:00:00+0200,2020-07-05T23:59:00+0200
273,3700009259054,Mini feuilletés assortiment ,MIX BUFFET,Traiteur,Pâques,True,Prenez en 3 = Payez en 2,soit 3 à 11.90€ au lieu de 17.85€,3,29.75 € / Kilogramme,11.9,17.85,5.950000000000001,2020-04-03T00:00:00+0200,2020-04-13T23:59:00+0200
274,3292070006908,Tarama saumon L'ATELIER BLINI,ATELIER DE BLINI,Traiteur,Pâques,True,Prenez en 3 = Payez en 2,soit 3 à 5.66€ au lieu de 8.49€,3,16.17 € / Kilogramme,5.66,8.49,2.83,2020-04-03T00:00:00+0200,2020-04-13T23:59:00+0200
275,7613036677622,Œuf de pâques chocolat smarties NESTLE,NESTLE,Traiteur,Pâques,True,Le 2ème à -50%,soit 2 à 7.32€ au lieu de 9.76€,2,24.40 € / Kilogramme,7.32,9.76,2.4399999999999995,2020-04-07T00:00:00+0200,2020-07-05T23:59:00+0200
276,3173286767701,Chocolat de Pâques mega t'œuf lait croustillant CEMOI,CEMOI,Traiteur,Pâques,True,Le 2ème à -50%,soit 2 à 9.73€ au lieu de 12.98€,2,14.42 € / Kilogramme,9.73,12.98,3.25,2020-03-31T00:00:00+0200,2020-04-13T23:59:00+0200
277,3273070083038,Chocolat lait cloche CONFISERIE ROHAN,ROHAN,Traiteur,Pâques,True,PROMO : 30%,soit 1 à 4.06€ au lieu de 5.80€,1,14.00 € / Kilogramme,4.06,5.8,1.7400000000000002,2020-04-03T00:00:00+0200,2020-04-13T23:59:00+0200
278,3110845303512,Chocolat de Pâques œufs cacao pralinés lait/noir PAPILLOTES REVILLON,PAPILLOTES REVILLON,Traiteur,Pâques,True,PROMO : 25%,soit 1 à 3.15€ au lieu de 4.20€,1,16.58 € / Kilogramme,3.15,4.2,1.0500000000000003,2020-04-07T00:00:00+0200,2020-07-05T23:59:00+0200
279,8714786294042,Chocolat de Pâques œuf flamme Play mobil Garçon BIP,BIP,Traiteur,Pâques,True,Le 2ème à -60%,soit 2 à 10.48€ au lieu de 14.98€,2,49.93 € / Kilogramme,10.48,14.98,4.5,2020-03-31T00:00:00+0200,2020-04-13T23:59:00+0200
280,3273070000431,Chocolat de Pâques lait lapin ROHAN,ROHAN,Traiteur,Pâques,True,PROMO : 30%,soit 1 à 4.06€ au lieu de 5.80€,1,12.69 € / Kilogramme,4.06,5.8,1.7400000000000002,2020-04-03T00:00:00+0200,2020-04-13T23:59:00+0200
281,3120470027349,Chocolat de Pâques lait Hot et Dog ABTEY,ABTEY,Traiteur,Pâques,True,Le 2ème à -50%,soit 2 à 6.75€ au lieu de 9.00€,2,32.14 € / Kilogramme,6.75,9.0,2.25,2020-03-31T00:00:00+0200,2020-04-13T23:59:00+0200
282,4000539614149,Chocolat de Pâques lapin or & sceau LINDT,LINDT,Traiteur,Pâques,True,Le 2ème à -50%,soit 2 à 14.98€ au lieu de 19.98€,2,70.35 € / Kilogramme,14.98,19.98,5.0,2020-04-07T00:00:00+0200,2020-07-05T23:59:00+0200
283,3120470027233,Chocolats lait et blanc ABTEY,ABTEY,Traiteur,Pâques,True,Le 2ème à -50%,soit 2 à 6.75€ au lieu de 9.00€,2,32.14 € / Kilogramme,6.75,9.0,2.25,2020-03-31T00:00:00+0200,2020-04-13T23:59:00+0200
284,8000500343326,Chocolat de Pâques la maison du lapin KINDER,KINDER,Traiteur,Pâques,True,Le 2ème à -50%,soit 2 à 8.23€ au lieu de 10.98€,2,35.42 € / Kilogramme,8.23,10.98,2.75,2020-04-07T00:00:00+0200,2020-07-05T23:59:00+0200
285,7622210316882,Chocolat de Pâques œufs chocolat mix 5 goûts MILKA,MILKA,Traiteur,Pâques,True,PROMO : 30%,soit 1 à 5.24€ au lieu de 7.49€,1,10.48 € / Kilogramme,5.24,7.49,2.25,2020-04-03T00:00:00+0200,2020-04-13T23:59:00+0200
286,3110845303499,Chocolat de Pâques œufs pralinés lait PAPILLOTES REVILLON,PAPILLOTES REVILLON,Traiteur,Pâques,True,PROMO : 25%,soit 1 à 3.15€ au lieu de 4.20€,1,16.58 € / Kilogramme,3.15,4.2,1.0500000000000003,2020-04-07T00:00:00+0200,2020-07-05T23:59:00+0200
287,8000500084649,Chocolat de Pâques œuf the golden expérience FERRERO,FERRERO,Traiteur,Pâques,True,Le 2ème à -50%,soit 2 à 7.93€ au lieu de 10.58€,2,26.45 € / Kilogramme,7.93,10.58,2.6500000000000004,2020-04-07T00:00:00+0200,2020-07-05T23:59:00+0200
288,8000500293744,Chocolat de Pâques moulage avec surprise KINDER,KINDER,Traiteur,Pâques,True,Le 2ème à -50%,soit 2 à 2.98€ au lieu de 3.98€,2,55.28 € / Kilogramme,2.98,3.98,1.0,2020-04-07T00:00:00+0200,2020-07-05T23:59:00+0200
289,3276556816465,Nids de Pâques chocolat CARREFOUR,,Traiteur,Pâques,True,PROMO : 30%,soit 1 à 2.24€ au lieu de 3.20€,1,2.24 € / Kilogramme,2.24,3.2,0.96,2020-04-11T00:00:00+0200,2020-04-14T23:59:00+0200
290,3276550578543,Nids de Pâques praliné CARREFOUR,,Traiteur,Pâques,True,PROMO : 30%,soit 1 à 2.24€ au lieu de 3.20€,1,2.24 € / Pièce,2.24,3.2,0.96,2020-04-11T00:00:00+0200,2020-04-14T23:59:00+0200
291,3276550577959,Nids de Pâques café CARREFOUR,,Traiteur,Pâques,True,PROMO : 30%,soit 1 à 2.24€ au lieu de 3.20€,1,2.24 € / Pièce,2.24,3.2,0.96,2020-04-11T00:00:00+0200,2020-04-14T23:59:00+0200
292,8000300393927,Chocolat de Pâques lapin NESTLE,NESTLE,Traiteur,Pâques,True,30% économisés,1.2€ sur la carte pour chaque produit acheté,1,27.52 € / Kilogramme,3.99,3.99,0.0,2020-04-07T00:00:00+0200,2020-07-05T23:59:00+0200
293,7613037772302,Œuf de paque chocolat lait NESTLE,NESTLE,Traiteur,Pâques,True,30% économisés,1.35€ sur la carte pour chaque produit acheté,1,44.90 € / Kilogramme,4.49,4.49,0.0,2020-04-07T00:00:00+0200,2020-07-05T23:59:00+0200
294,7613038059341,Chocolat de Pâques mini escargos NESTLE,NESTLE,Traiteur,Pâques,True,30% économisés,1.5€ sur la carte pour chaque produit acheté,1,36.16 € / Kilogramme,4.99,4.99,0.0,2020-04-07T00:00:00+0200,2020-07-05T23:59:00+0200
295,7613037902969,Chocolat de Pâques amandes & cranberries NESTLE,NESTLE,Traiteur,Pâques,True,30% économisés,2.97€ sur la carte pour chaque produit acheté,1,39.56 € / Kilogramme,9.89,9.89,0.0,2020-04-07T00:00:00+0200,2020-07-05T23:59:00+0200
296,7613037902822,Œuf de paque chocolat lait NESTLE,NESTLE,Traiteur,Pâques,True,30% économisés,2.97€ sur la carte pour chaque produit acheté,1,39.56 € / Kilogramme,9.89,9.89,0.0,2020-04-07T00:00:00+0200,2020-07-05T23:59:00+0200
297,7613037771633,Oeuf de paque chocolat noir NESTLE,NESTLE,Traiteur,Pâques,True,30% économisés,1.35€ sur la carte pour chaque produit acheté,1,44.90 € / Kilogramme,4.49,4.49,0.0,2020-04-07T00:00:00+0200,2020-07-05T23:59:00+0200
298,3224962510118,Œufs de lompe noir NORDLAND,NORDLAND,Traiteur,Pâques,True,Vu en catalogue,soit 1 à 3.59€ au lieu de 3.59€,1,40.80 € / Kilogramme,3.59,3.59,0.0,2020-04-03T00:00:00+0200,2020-04-14T23:59:00+0200
299,3267910205100,Cailles prêtes à cuire CAILLOR,CAILLOR,Traiteur,Pâques,True,A saisir !,soit 1 à 10.90€ au lieu de 10.90€,1,7.27 € / Kilogramme,10.9,10.9,0.0,2020-04-03T00:00:00+0200,2020-04-14T23:59:00+0200
300,3273230241995,Bouchée aux ris de veau ,BIGARD,Traiteur,Pâques,True,Vu en catalogue,soit 1 à 4.90€ au lieu de 4.90€,1,18.85 € / Kilogramme,4.9,4.9,0.0,2020-04-03T00:00:00+0200,2020-04-14T23:59:00+0200
301,3346650215225,Boudin blanc forestier à l'ancienne BRIENT,BRIENT,Traiteur,Pâques,True,Vu en catalogue,soit 1 à 2.99€ au lieu de 2.99€,1,11.96 € / Kilogramme,2.99,2.99,0.0,2020-04-03T00:00:00+0200,2020-04-14T23:59:00+0200
302,3224962510125,Œufs de lompe rouge NORDLAND,NORDLAND,Traiteur,Pâques,True,Vu en catalogue,soit 1 à 3.59€ au lieu de 3.59€,1,40.80 € / Kilogramme,3.59,3.59,0.0,2020-04-03T00:00:00+0200,2020-04-14T23:59:00+0200
303,3273230241018,Bouchées à la volaille et aux morilles BIGARD,BIGARD,Traiteur,Pâques,True,Vu en catalogue,soit 1 à 4.90€ au lieu de 4.90€,1,18.85 € / Kilogramme,4.9,4.9,0.0,2020-04-03T00:00:00+0200,2020-04-14T23:59:00+0200
304,3346650218103,Boudin blanc à l'ancienne aux morilles BRIENT,BRIENT,Traiteur,Pâques,True,Vu en catalogue,soit 1 à 2.99€ au lieu de 2.99€,1,11.96 € / Kilogramme,2.99,2.99,0.0,2020-04-03T00:00:00+0200,2020-04-14T23:59:00+0200
305,3523680425231,Coquille aux crevettes  CARREFOUR,CARREFOUR,Traiteur,Pâques,True,A saisir !,soit 1 à 3.50€ au lieu de 3.50€,1,11.67 € / Kilogramme,3.5,3.5,0.0,2020-04-03T00:00:00+0200,2020-04-14T23:59:00+0200
306,3523680425224,Coquille surimi CARREFOUR,CARREFOUR,Traiteur,Pâques,True,A saisir !,soit 1 à 3.50€ au lieu de 3.50€,1,11.67 € / Kilogramme,3.5,3.5,0.0,2020-04-03T00:00:00+0200,2020-04-14T23:59:00+0200
307,3523680425217,Coquille au saumon  CARREFOUR,CARREFOUR,Traiteur,Pâques,True,A saisir !,soit 1 à 3.50€ au lieu de 3.50€,1,11.67 € / Kilogramme,3.5,3.5,0.0,2020-04-03T00:00:00+0200,2020-04-14T23:59:00+0200
308,3615004657180,Planche à découper hêtre CARREFOUR HOME,CRF HOME,"Maison, Loisir, Textile",Cuisine,True,30% économisés,4.07€ sur la carte pour chaque produit acheté,1,13.55 € / Pièce,13.55,13.55,0.0,2020-03-24T00:00:00+0100,2020-04-26T23:59:00+0200
309,3608144250816,Piques bambou CARREFOUR HOME,CARREFOUR HOME,"Maison, Loisir, Textile",Cuisine,True,Vu en catalogue,soit 1 à 2.10€ au lieu de 2.10€,1,2.10 € / Pièce,2.1,2.1,0.0,2020-03-24T00:00:00+0100,2020-04-27T23:59:00+0200
310,3616180398331,Verre transparent 40 cl CARREFOUR,CARREFOUR,"Maison, Loisir, Textile",Cuisine,True,Vu en catalogue,soit 1 à 1.00€ au lieu de 1.00€,1,1.00 € / Pièce,1.0,1.0,0.0,2020-03-24T00:00:00+0100,2020-04-27T23:59:00+0200
311,3390509974146,Plats à griller  CARREFOUR,CARREFOUR,"Maison, Loisir, Textile",Cuisine,True,Prenez en 3 = Payez en 2,soit 3 à 7.20€ au lieu de 10.80€,3,3.60 € / Pièce,7.2,10.8,3.6000000000000005,2020-03-24T00:00:00+0100,2020-04-26T23:59:00+0200
312,3615004657173,Planche à découper en hêtre  CARREFOUR HOME,CARREFOUR HOME,"Maison, Loisir, Textile",Cuisine,True,30% économisés,2.81€ sur la carte pour chaque produit acheté,1,9.35 € / Pièce,9.35,9.35,0.0,2020-03-24T00:00:00+0100,2020-04-26T23:59:00+0200
313,3616181150617,"Carafe bleue clair 1,1 cl CARREFOUR",CARREFOUR,"Maison, Loisir, Textile",Cuisine,True,Vu en catalogue,soit 1 à 9.90€ au lieu de 9.90€,1,9.90 € / Pièce,9.9,9.9,0.0,2020-03-24T00:00:00+0100,2020-04-27T23:59:00+0200
314,3608144250694,Brochettes en bois CARREFOUR HOME,CARREFOUR HOME,"Maison, Loisir, Textile",Cuisine,True,Vu en catalogue,soit 1 à 1.50€ au lieu de 1.50€,1,1.50 € / Pièce,1.5,1.5,0.0,2020-03-24T00:00:00+0100,2020-04-27T23:59:00+0200
315,3616181152987,Set de table en liège jaune CARREFOUR,CARREFOUR,"Maison, Loisir, Textile",Cuisine,True,Vu en catalogue,soit 1 à 1.90€ au lieu de 1.90€,1,1.90 € / Pièce,1.9,1.9,0.0,2020-03-24T00:00:00+0100,2020-04-27T23:59:00+0200
316,3615005375274,Planche à découper  MANDINE,MANDINE,"Maison, Loisir, Textile",Cuisine,True,30% économisés,5.33€ sur la carte pour chaque produit acheté,1,17.75 € / Pièce,17.75,17.75,0.0,2020-03-24T00:00:00+0100,2020-04-26T23:59:00+0200
317,3608144248219,Brochettes bois 15 cm CARREFOUR HOME,CARREFOUR HOME,"Maison, Loisir, Textile",Cuisine,True,Vu en catalogue,soit 1 à 1.50€ au lieu de 1.50€,1,1.50 € / Pièce,1.5,1.5,0.0,2020-03-24T00:00:00+0100,2020-04-27T23:59:00+0200
318,3609231611732,Corbeille à fruits CARREFOUR HOME,CARREFOUR HOME,"Maison, Loisir, Textile",Cuisine,True,Vu en catalogue,soit 1 à 7.90€ au lieu de 7.90€,1,7.90 € / Pièce,7.9,7.9,0.0,2020-03-31T00:00:00+0200,2020-04-14T23:59:00+0200
319,0077924036538,Sac à briquettes de 4 kg de charbon de bois WEBER,WEBER,"Maison, Loisir, Textile","Bricolage, auto et jardin",True,Le 2ème à -50%,soit 2 à 13.48€ au lieu de 17.98€,2,2.25 € / Kilogramme,13.48,17.98,4.5,2020-03-24T00:00:00+0100,2020-04-26T23:59:00+0200
320,3606605842860,Barquettes aluminium profondes 1 l CARREFOUR,CARREFOUR,"Maison, Loisir, Textile",Cuisine,True,Prenez en 3 = Payez en 2,soit 3 à 4.80€ au lieu de 7.20€,3,2.40 € / Pièce,4.8,7.2,2.4000000000000004,2020-03-24T00:00:00+0100,2020-04-26T23:59:00+0200
321,3615004801460,Planche à découper bambou 45x30 cm MANDINE,MANDINE,"Maison, Loisir, Textile",Cuisine,True,30% économisés,5.33€ sur la carte pour chaque produit acheté,1,17.75 € / Pièce,17.75,17.75,0.0,2020-03-24T00:00:00+0100,2020-04-26T23:59:00+0200
322,3615004801453,Planche à découper bambou 45x24 cm MANDINE,MANDINE,"Maison, Loisir, Textile",Cuisine,True,30% économisés,4.7€ sur la carte pour chaque produit acheté,1,15.65 € / Pièce,15.65,15.65,0.0,2020-03-24T00:00:00+0100,2020-04-26T23:59:00+0200
323,3615005375267,Planche à découper ronde Ø 46 cm MANDINE,MANDINE,"Maison, Loisir, Textile",Cuisine,True,30% économisés,6.27€ sur la carte pour chaque produit acheté,1,20.90 € / Pièce,20.9,20.9,0.0,2020-03-24T00:00:00+0100,2020-04-26T23:59:00+0200
324,0883314734133,Assiette plate verre diwali turquoise 19 cm LUMINARC,LUMINARC,"Maison, Loisir, Textile",Cuisine,True,Vu en catalogue,soit 1 à 1.70€ au lieu de 1.70€,1,1.70 € / Pièce,1.7,1.7,0.0,2020-03-24T00:00:00+0100,2020-04-27T23:59:00+0200
325,0883314727456,Assiette verre diwali turquoise 27 cm LUMINARC,LUMINARC,"Maison, Loisir, Textile",Cuisine,True,Vu en catalogue,soit 1 à 1.90€ au lieu de 1.90€,1,1.90 € / Pièce,1.9,1.9,0.0,2020-03-24T00:00:00+0100,2020-04-27T23:59:00+0200
326,3256390194325,Boîte de conservation noir ,SANS MARQUE,"Maison, Loisir, Textile",Cuisine,True,Vu en catalogue,soit 1 à 12.00€ au lieu de 12.00€,1,12.00 € / Pièce,12.0,12.0,0.0,2020-03-24T00:00:00+0100,2020-04-27T23:59:00+0200
327,3390509958610,Ménagère inox hôtel CARREFOUR HOME,CARREFOUR,"Maison, Loisir, Textile",Cuisine,True,Vu en catalogue,soit 1 à 20.90€ au lieu de 20.90€,1,20.90 € / Pièce,20.9,20.9,0.0,2020-03-24T00:00:00+0100,2020-04-27T23:59:00+0200
328,0883314727517,Bol verre diwali turquoise 20 cm LUMINARC,LUMINARC,"Maison, Loisir, Textile",Cuisine,True,Vu en catalogue,soit 1 à 1.90€ au lieu de 1.90€,1,1.90 € / Pièce,1.9,1.9,0.0,2020-03-24T00:00:00+0100,2020-04-27T23:59:00+0200
329,3011239002403,Bocal rectangulaire verre BIRAMBEAU,BIRAMBEAU,"Maison, Loisir, Textile",Cuisine,True,Vu en catalogue,soit 1 à 12.90€ au lieu de 12.90€,1,12.90 € / Pièce,12.9,12.9,0.0,2020-03-24T00:00:00+0100,2020-04-27T23:59:00+0200
330,3608144250007,Piques à brochette CARREFOUR HOME,CARREFOUR HOME,"Maison, Loisir, Textile",Cuisine,True,Vu en catalogue,soit 1 à 2.99€ au lieu de 2.99€,1,2.99 € / Pièce,2.99,2.99,0.0,2020-03-24T00:00:00+0100,2020-04-27T23:59:00+0200
331,3616180398454,Verre transparent 26 cl CARREFOUR,CARREFOUR,"Maison, Loisir, Textile",Cuisine,True,Vu en catalogue,soit 1 à 1.00€ au lieu de 1.00€,1,1.00 € / Pièce,1.0,1.0,0.0,2020-03-24T00:00:00+0100,2020-04-27T23:59:00+0200
332,3616180420353,Verre gris 40 cl CARREFOUR,CARREFOUR,"Maison, Loisir, Textile",Cuisine,True,Vu en catalogue,soit 1 à 1.40€ au lieu de 1.40€,1,1.40 € / Pièce,1.4,1.4,0.0,2020-03-24T00:00:00+0100,2020-04-27T23:59:00+0200
333,3616180398577,Verre menthe 26 cl CARREFOUR,CARREFOUR,"Maison, Loisir, Textile",Cuisine,True,Vu en catalogue,soit 1 à 1.20€ au lieu de 1.20€,1,1.20 € / Pièce,1.2,1.2,0.0,2020-03-24T00:00:00+0100,2020-04-27T23:59:00+0200
334,3616180398492,Verre menthe 40 cl CARREFOUR,CARREFOUR,"Maison, Loisir, Textile",Cuisine,True,Vu en catalogue,soit 1 à 1.40€ au lieu de 1.40€,1,1.40 € / Pièce,1.4,1.4,0.0,2020-03-24T00:00:00+0100,2020-04-27T23:59:00+0200
335,3616180398508,Verre gris 26 cl CARREFOUR,CARREFOUR,"Maison, Loisir, Textile",Cuisine,True,Vu en catalogue,soit 1 à 1.20€ au lieu de 1.20€,1,1.20 € / Pièce,1.2,1.2,0.0,2020-03-24T00:00:00+0100,2020-04-27T23:59:00+0200
336,3616181066925,Verre à pied transparent 21 cl CARREFOUR,CARREFOUR,"Maison, Loisir, Textile",Cuisine,True,Vu en catalogue,soit 1 à 1.40€ au lieu de 1.40€,1,1.40 € / Pièce,1.4,1.4,0.0,2020-03-24T00:00:00+0100,2020-04-27T23:59:00+0200
337,3616181066918,Verre à pied 14 cl CARREFOUR,CARREFOUR,"Maison, Loisir, Textile",Cuisine,True,Vu en catalogue,soit 1 à 1.40€ au lieu de 1.40€,1,1.40 € / Pièce,1.4,1.4,0.0,2020-03-24T00:00:00+0100,2020-04-27T23:59:00+0200
338,3616181172527,"Plateau ""Azulejos"" bois 40x30x5 cm  CARREFOUR",CARREFOUR HOME,"Maison, Loisir, Textile",Cuisine,True,Vu en catalogue,soit 1 à 9.90€ au lieu de 9.90€,1,9.90 € / Pièce,9.9,9.9,0.0,2020-03-24T00:00:00+0100,2020-04-27T23:59:00+0200
339,3616181149604,"Service ""Ethnic"" 18 pièces CARREFOUR HOME",CARREFOUR HOME,"Maison, Loisir, Textile",Cuisine,True,Vu en catalogue,soit 1 à 29.90€ au lieu de 29.90€,1,29.90 € / Pièce,29.9,29.9,0.0,2020-03-24T00:00:00+0100,2020-04-27T23:59:00+0200
340,3616181151256,"Assiette  ""Ciélo"" à dessert bleue 21 cm  CARREFOUR",CARREFOUR,"Maison, Loisir, Textile",Cuisine,True,Vu en catalogue,soit 1 à 3.00€ au lieu de 3.00€,1,3.00 € / Pièce,3.0,3.0,0.0,2020-03-24T00:00:00+0100,2020-04-27T23:59:00+0200
341,3616181149666,"Assiette ""Ethnic"" à dessert 19 cm CARREFOUR HOME",CARREFOUR HOME,"Maison, Loisir, Textile",Cuisine,True,Vu en catalogue,soit 1 à 2.50€ au lieu de 2.50€,1,2.50 € / Pièce,2.5,2.5,0.0,2020-03-24T00:00:00+0100,2020-04-27T23:59:00+0200
342,3616181149628,"Assiette ""Ethnic"" plate 26,5 cm CARREFOUR HOME",CARREFOUR HOME,"Maison, Loisir, Textile",Cuisine,True,Vu en catalogue,soit 1 à 2.90€ au lieu de 2.90€,1,2.90 € / Pièce,2.9,2.9,0.0,2020-03-24T00:00:00+0100,2020-04-27T23:59:00+0200
343,3616181151324,"Assiette  ""Botania"" plate verte 27 cm  CARREFOUR",CARREFOUR,"Maison, Loisir, Textile",Cuisine,True,Vu en catalogue,soit 1 à 3.50€ au lieu de 3.50€,1,3.50 € / Pièce,3.5,3.5,0.0,2020-03-24T00:00:00+0100,2020-04-27T23:59:00+0200
344,3616181151270,"Assiette  ""Ciélo"" creuse bleue 21,5 cm  CARREFOUR",CARREFOUR,"Maison, Loisir, Textile",Cuisine,True,Vu en catalogue,soit 1 à 3.50€ au lieu de 3.50€,1,3.50 € / Pièce,3.5,3.5,0.0,2020-03-24T00:00:00+0100,2020-04-27T23:59:00+0200
345,3616181149680,"Mug ""Ethnic"" 35 cl CARREFOUR HOME",CARREFOUR HOME,"Maison, Loisir, Textile",Cuisine,True,Vu en catalogue,soit 1 à 1.90€ au lieu de 1.90€,1,1.90 € / Pièce,1.9,1.9,0.0,2020-03-24T00:00:00+0100,2020-04-27T23:59:00+0200
346,3616181150860,"Assiette  ""Botania"" à pâtes verte 22 cm  CARREFOUR",CARREFOUR,"Maison, Loisir, Textile",Cuisine,True,Vu en catalogue,soit 1 à 3.50€ au lieu de 3.50€,1,3.50 € / Pièce,3.5,3.5,0.0,2020-03-24T00:00:00+0100,2020-04-27T23:59:00+0200
347,3616181149703,Saladier 24cm ,CARREFOUR HOME,"Maison, Loisir, Textile",Cuisine,True,Vu en catalogue,soit 1 à 9.90€ au lieu de 9.90€,1,9.90 € / Pièce,9.9,9.9,0.0,2020-03-24T00:00:00+0100,2020-04-27T23:59:00+0200
348,3616181599973,"Planche à découper marbre acacia 30x16,5 cm",PP NO NAME,"Maison, Loisir, Textile",Cuisine,True,Vu en catalogue,soit 1 à 12.90€ au lieu de 12.90€,1,12.90 € / Pièce,12.9,12.9,0.0,2020-03-24T00:00:00+0100,2020-04-27T23:59:00+0200
349,3616181583903,Paille papier décorée CARREFOUR HOME,CARREFOUR HOME,"Maison, Loisir, Textile",Cuisine,True,Vu en catalogue,soit 1 à 1.90€ au lieu de 1.90€,1,1.90 € / Pièce,1.9,1.9,0.0,2020-03-24T00:00:00+0100,2020-04-27T23:59:00+0200
350,3616181599805,Bouteille bleue inox 1 L,PP NO NAME,"Maison, Loisir, Textile",Cuisine,True,Vu en catalogue,soit 1 à 9.90€ au lieu de 9.90€,1,9.90 € / Pièce,9.9,9.9,0.0,2020-03-24T00:00:00+0100,2020-04-27T23:59:00+0200
351,4008789700841,Oeuf serveuse avec comptoir PLAYMOBIL,PLAYMOBIL,"Maison, Loisir, Textile",Jeux et Jouets,True,Vu en catalogue,soit 1 à 3.99€ au lieu de 3.99€,1,3.99 € / Pièce,3.99,3.99,0.0,2020-03-31T00:00:00+0200,2020-04-14T23:59:00+0200
352,4008789700865,Oeuf Chevalier avec canon PLAYMOBIL,PLAYMOBIL,"Maison, Loisir, Textile",Jeux et Jouets,True,Vu en catalogue,soit 1 à 3.99€ au lieu de 3.99€,1,3.99 € / Pièce,3.99,3.99,0.0,2020-03-31T00:00:00+0200,2020-04-14T23:59:00+0200
353,4008789700834,Oeuf Jeune fille avec oies PLAYMOBIL,PLAYMOBIL,"Maison, Loisir, Textile",Jeux et Jouets,True,Vu en catalogue,soit 1 à 3.99€ au lieu de 3.99€,1,3.99 € / Pièce,3.99,3.99,0.0,2020-03-31T00:00:00+0200,2020-04-14T23:59:00+0200
354,5021290084452,Final Fantasy VII remake PS4 ,SANS MARQUE,"Maison, Loisir, Textile","Cartouche, électronique et culture",True,Vu en catalogue,soit 1 à 52.95€ au lieu de 52.95€,1,52.95 € / Pièce,52.95,52.95,0.0,2020-04-10T00:00:00+0200,2020-04-15T23:59:00+0200
355,5413538443945,Peluche lapin à billes 20 cm SIMBA,SIMBA,"Maison, Loisir, Textile",Jeux et Jouets,True,A saisir !,soit 1 à 7.90€ au lieu de 7.90€,1,7.90 € / Pièce,7.9,7.9,0.0,2020-03-31T00:00:00+0200,2020-04-14T23:59:00+0200
356,3615005360119,Plateau  CARREFOUR,CARREFOUR HOME,"Maison, Loisir, Textile",Cuisine,True,Vu en catalogue,soit 1 à 14.90€ au lieu de 14.90€,1,14.90 € / Pièce,14.9,14.9,0.0,2020-03-24T00:00:00+0100,2020-04-27T23:59:00+0200
357,3615005696874,Ménagère bleue de 24 pièces CARREFOUR HOME,CARREFOUR HOME,"Maison, Loisir, Textile",Cuisine,True,Vu en catalogue,soit 1 à 12.60€ au lieu de 12.60€,1,12.60 € / Pièce,12.6,12.6,0.0,2020-03-24T00:00:00+0100,2020-04-27T23:59:00+0200
358,3615005696881,Ménagère  CARREFOUR,PETITE COLLECTION,"Maison, Loisir, Textile",Cuisine,True,Vu en catalogue,soit 1 à 12.60€ au lieu de 12.60€,1,12.60 € / Pièce,12.6,12.6,0.0,2020-03-24T00:00:00+0100,2020-04-27T23:59:00+0200
359,3616181179571,"Bol ""Azulejos"" 14 cm  CARREFOUR HOME",CARREFOUR HOME,"Maison, Loisir, Textile",Cuisine,True,Vu en catalogue,soit 1 à 3.00€ au lieu de 3.00€,1,3.00 € / Pièce,3.0,3.0,0.0,2020-03-24T00:00:00+0100,2020-04-27T23:59:00+0200
360,3616181147518,Ménagère bleue de 24 pièces CARREFOUR HOME,CARREFOUR HOME,"Maison, Loisir, Textile",Cuisine,True,Vu en catalogue,soit 1 à 29.90€ au lieu de 29.90€,1,29.90 € / Pièce,29.9,29.9,0.0,2020-03-24T00:00:00+0100,2020-04-27T23:59:00+0200
361,3616181152758,"Bol ""Terra"" gris 15 cm  CARREFOUR HOME",CARREFOUR HOME,"Maison, Loisir, Textile",Cuisine,True,Vu en catalogue,soit 1 à 4.00€ au lieu de 4.00€,1,4.00 € / Pièce,4.0,4.0,0.0,2020-03-24T00:00:00+0100,2020-04-27T23:59:00+0200
362,3616181150938,"Assiette  ""Glossy"" à dessert bleue 22 cm  CARREFOUR",CARREFOUR,"Maison, Loisir, Textile",Cuisine,True,Vu en catalogue,soit 1 à 3.00€ au lieu de 3.00€,1,3.00 € / Pièce,3.0,3.0,0.0,2020-03-24T00:00:00+0100,2020-04-27T23:59:00+0200
363,3616181151232,"Assiette  ""Ciélo"" plate bleue 26 cm  CARREFOUR",CARREFOUR,"Maison, Loisir, Textile",Cuisine,True,Vu en catalogue,soit 1 à 3.50€ au lieu de 3.50€,1,3.50 € / Pièce,3.5,3.5,0.0,2020-03-24T00:00:00+0100,2020-04-27T23:59:00+0200
364,3616181149642,"Assiette ""Ethnic"" creuse 20 cm CARREFOUR HOME",CARREFOUR HOME,"Maison, Loisir, Textile",Cuisine,True,Vu en catalogue,soit 1 à 2.90€ au lieu de 2.90€,1,2.90 € / Pièce,2.9,2.9,0.0,2020-03-24T00:00:00+0100,2020-04-27T23:59:00+0200
365,3616181150884,"Assiette  ""Glossy"" plate bleue 27 cm  CARREFOUR",CARREFOUR,"Maison, Loisir, Textile",Cuisine,True,Vu en catalogue,soit 1 à 3.50€ au lieu de 3.50€,1,3.50 € / Pièce,3.5,3.5,0.0,2020-03-24T00:00:00+0100,2020-04-27T23:59:00+0200
366,3616181151027,"Assiette  ""Botania"" à dessert verte 22 cm  CARREFOUR",CARREFOUR,"Maison, Loisir, Textile",Cuisine,True,Vu en catalogue,soit 1 à 3.00€ au lieu de 3.00€,1,3.00 € / Pièce,3.0,3.0,0.0,2020-03-24T00:00:00+0100,2020-04-27T23:59:00+0200
367,3616181150785,"Assiette  ""Glossy"" à pâtes bleue 21,5 cm  CARREFOUR",CARREFOUR,"Maison, Loisir, Textile",Cuisine,True,Vu en catalogue,soit 1 à 3.50€ au lieu de 3.50€,1,3.50 € / Pièce,3.5,3.5,0.0,2020-03-24T00:00:00+0100,2020-04-27T23:59:00+0200
368,3616181179595,Service  CARREFOUR,CARREFOUR,"Maison, Loisir, Textile",Cuisine,True,Vu en catalogue,soit 1 à 24.90€ au lieu de 24.90€,1,24.90 € / Pièce,24.9,24.9,0.0,2020-03-24T00:00:00+0100,2020-04-27T23:59:00+0200
369,3616181130909,Cuillère à café à motifs bleu  CARREFOUR HOME,CARREFOUR HOME,"Maison, Loisir, Textile",Cuisine,True,Vu en catalogue,soit 1 à 5.90€ au lieu de 5.90€,1,5.90 € / Pièce,5.9,5.9,0.0,2020-03-24T00:00:00+0100,2020-04-27T23:59:00+0200
370,3616181152734,"Assiette  ""Terra"" à dessert grise 21 cm  CARREFOUR HOME",CARREFOUR HOME,"Maison, Loisir, Textile",Cuisine,True,Vu en catalogue,soit 1 à 4.00€ au lieu de 4.00€,1,4.00 € / Pièce,4.0,4.0,0.0,2020-03-24T00:00:00+0100,2020-04-27T23:59:00+0200
371,3616181152710,"Assiette  ""Terra"" plate grise 27 cm  CARREFOUR HOME",CARREFOUR HOME,"Maison, Loisir, Textile",Cuisine,True,Vu en catalogue,soit 1 à 4.90€ au lieu de 4.90€,1,4.90 € / Pièce,4.9,4.9,0.0,2020-03-24T00:00:00+0100,2020-04-27T23:59:00+0200
372,3616181599799,Bouteille bleue inox 500 ml,PP NO NAME,"Maison, Loisir, Textile",Cuisine,True,Vu en catalogue,soit 1 à 7.90€ au lieu de 7.90€,1,7.90 € / Pièce,7.9,7.9,0.0,2020-03-24T00:00:00+0100,2020-04-27T23:59:00+0200
373,3760061210936,Plats à griller en aluminium ACTIFEU,ACTIFEU,"Maison, Loisir, Textile","Bricolage, auto et jardin",True,Vu en catalogue,soit 1 à 2.99€ au lieu de 2.99€,1,2.99 € / Pièce,2.99,2.99,0.0,2020-03-24T00:00:00+0100,2020-04-27T23:59:00+0200
374,4008789700858,Œuf Policier avec chien PLAYMOBIL,PLAYMOBIL,"Maison, Loisir, Textile",Jeux et Jouets,True,Vu en catalogue,soit 1 à 3.99€ au lieu de 3.99€,1,3.99 € / Pièce,3.99,3.99,0.0,2020-03-31T00:00:00+0200,2020-04-14T23:59:00+0200
375,8001691479597,"Verre  ""Ethnic"" à motif 31 cl",,"Maison, Loisir, Textile",Cuisine,True,Vu en catalogue,soit 1 à 1.40€ au lieu de 1.40€,1,1.40 € / Pièce,1.4,1.4,0.0,2020-03-24T00:00:00+0100,2020-04-27T23:59:00+0200
376,8001691494958,"Verre  ""Azulejos"" à motif 36 cl",PP NO NAME,"Maison, Loisir, Textile",Cuisine,True,Vu en catalogue,soit 1 à 1.60€ au lieu de 1.60€,1,1.60 € / Pièce,1.6,1.6,0.0,2020-03-24T00:00:00+0100,2020-04-27T23:59:00+0200
377,8001691494866,"Verre  ""Azulejos"" à motif bleu 36 cl",PP NO NAME,"Maison, Loisir, Textile",Cuisine,True,Vu en catalogue,soit 1 à 1.60€ au lieu de 1.60€,1,1.60 € / Pièce,1.6,1.6,0.0,2020-03-24T00:00:00+0100,2020-04-27T23:59:00+0200
378,8001691494927,"Verre  ""Azulejos"" à motif bleu 36 cl",PP NO NAME,"Maison, Loisir, Textile",Cuisine,True,Vu en catalogue,soit 1 à 1.60€ au lieu de 1.60€,1,1.60 € / Pièce,1.6,1.6,0.0,2020-03-24T00:00:00+0100,2020-04-27T23:59:00+0200
379,8421134090309,Poupée Magic Tears Fantasy Maison Tototte CRY BABIES,IMC TOYS,"Maison, Loisir, Textile",Jeux et Jouets,True,Vu en catalogue,soit 1 à 17.90€ au lieu de 17.90€,1,17.90 € / Pièce,17.9,17.9,0.0,2020-03-31T00:00:00+0200,2020-04-14T23:59:00+0200
380,4039784342033,KARCHER - Détergent vitres formule 3-en-1 - 62953020,KARCHER,"Maison, Loisir, Textile","Bricolage, auto et jardin",True,Prenez en 4 = Payez en 3,soit 4 à 16.50€ au lieu de 22.00€,4,5.50 € / Pièce,16.5,22.0,5.5,2020-03-31T00:00:00+0200,2020-04-13T23:59:00+0200
381,3614611926108,Tube de 50 petites voitures - Echelle : 1/64ème,SPEEDTRACK,"Maison, Loisir, Textile",Jeux et Jouets,True,Vu en catalogue,soit 1 à 18.90€ au lieu de 18.90€,1,18.90 € / Pièce,18.9,18.9,0.0,2020-03-31T00:00:00+0200,2020-04-14T23:59:00+0200
